Date,Open,High,Low,Close,Volume,Adj Close
39818,1.42,1.42,1.38,1.42,539671300,1.38
39819,1.46,1.47,1.41,1.46,772111900,1.42
39820,1.45,1.47,1.45,1.45,463574100,1.41
39821,1.41,1.43,1.4,1.41,493556900,1.37
39822,1.43,1.43,1.4,1.43,384687700,1.39
39825,1.42,1.44,1.41,1.42,302448500,1.38
39826,1.4,1.41,1.39,1.4,274906800,1.36
39827,1.46,1.46,1.4,1.46,491851900,1.42
39828,1.45,1.47,1.43,1.45,506310400,1.41
39829,1.49,1.52,1.49,1.49,830986500,1.45
39832,1.51,1.54,1.49,1.51,870670900,1.46
39833,1.52,1.52,1.49,1.52,462633600,1.47
39834,1.51,1.54,1.49,1.51,642503800,1.47
39835,1.53,1.53,1.5,1.53,526679300,1.48
39836,1.52,1.53,1.5,1.52,378663800,1.47
39846,1.52,1.53,1.51,1.52,293690000,1.48
39847,1.56,1.56,1.52,1.56,568321100,1.51
39848,1.61,1.61,1.57,1.61,647566600,1.56
39849,1.6,1.65,1.59,1.6,859039100,1.55
39850,1.67,1.67,1.61,1.67,878020200,1.62
39853,1.69,1.71,1.67,1.69,824927800,1.64
39854,1.7,1.7,1.66,1.7,707924300,1.65
39855,1.7,1.73,1.66,1.7,989584900,1.65
39856,1.67,1.71,1.64,1.67,882043800,1.63
39857,1.74,1.74,1.67,1.74,1053759600,1.69
39860,1.79,1.79,1.75,1.79,943802800,1.74
39861,1.75,1.8,1.74,1.75,1078475100,1.7
39862,1.67,1.72,1.66,1.67,1261167500,1.62
39863,1.66,1.69,1.64,1.66,912428500,1.61
39864,1.68,1.68,1.64,1.68,652203300,1.63
39867,1.72,1.73,1.64,1.72,920908700,1.67
39868,1.63,1.71,1.62,1.63,966928200,1.58
39869,1.64,1.66,1.59,1.64,1013511800,1.6
39870,1.59,1.68,1.58,1.59,1188162800,1.55
39871,1.57,1.6,1.56,1.57,802798300,1.53
39874,1.58,1.58,1.54,1.58,668493500,1.53
39875,1.55,1.57,1.53,1.55,607530500,1.51
39876,1.67,1.67,1.56,1.67,1142081000,1.62
39877,1.69,1.71,1.65,1.69,1322697400,1.64
39878,1.68,1.7,1.65,1.68,870646800,1.63
39881,1.62,1.71,1.62,1.62,900215500,1.57
39882,1.64,1.64,1.59,1.64,690930300,1.59
39883,1.63,1.69,1.62,1.63,657247400,1.58
39884,1.62,1.63,1.59,1.62,686650500,1.58
39885,1.62,1.65,1.62,1.62,643006600,1.57
39888,1.66,1.66,1.6,1.66,722135600,1.61
39889,1.71,1.71,1.65,1.71,1065955000,1.66
39890,1.7,1.73,1.7,1.7,909859600,1.66
39891,1.73,1.74,1.7,1.73,658154600,1.68
39892,1.73,1.74,1.7,1.73,672179000,1.68
39895,1.77,1.77,1.72,1.77,607807100,1.72
39896,1.77,1.81,1.77,1.77,828143800,1.72
39897,1.75,1.79,1.74,1.75,734876600,1.7
39898,1.82,1.82,1.74,1.82,844610600,1.77
39899,1.82,1.84,1.81,1.82,871205100,1.77
39902,1.82,1.84,1.81,1.82,609081800,1.76
39903,1.83,1.84,1.77,1.83,917930500,1.78
39904,1.85,1.86,1.83,1.85,875841700,1.8
39905,1.88,1.9,1.85,1.88,796703900,1.82
39906,1.89,1.92,1.88,1.89,857109700,1.84
39910,1.89,1.91,1.87,1.89,530838300,1.84
39911,1.82,1.89,1.82,1.82,861406100,1.76
39912,1.84,1.85,1.8,1.84,817443800,1.79
39913,1.89,1.89,1.85,1.89,820641800,1.84
39916,1.94,1.95,1.89,1.94,818875300,1.88
39917,1.94,1.95,1.92,1.94,622176100,1.89
39918,1.93,1.94,1.9,1.93,841686800,1.88
39919,1.93,1.95,1.91,1.93,903605600,1.88
39920,1.91,1.94,1.9,1.91,873584900,1.85
39923,1.95,1.95,1.9,1.95,841970600,1.89
39924,1.92,1.94,1.9,1.92,875095600,1.86
39925,1.87,1.95,1.86,1.87,1124058300,1.81
39926,1.86,1.87,1.84,1.86,830907500,1.81
39927,1.85,1.88,1.85,1.85,530854100,1.8
39930,1.82,1.85,1.81,1.82,791945800,1.76
39931,1.82,1.83,1.8,1.82,630127700,1.76
39932,1.89,1.9,1.81,1.89,935517600,1.83
39933,1.89,1.9,1.88,1.89,694497600,1.83
39937,1.95,1.95,1.89,1.95,718717900,1.89
39938,1.95,1.98,1.94,1.95,720365100,1.9
39939,1.97,1.98,1.95,1.97,884395400,1.92
39940,1.98,2.01,1.96,1.98,757433800,1.92
39941,2.02,2.03,1.97,2.02,687314900,1.96
39944,1.99,2.07,1.99,1.99,908958500,1.93
39945,2.02,2.03,1.97,2.02,783865400,1.97
39946,2.04,2.05,2.01,2.04,797020600,1.98
39947,2.01,2.02,1.99,2.01,816804500,1.95
39948,2.01,2.03,2,2.01,423690300,1.96
39951,2.03,2.03,1.99,2.03,619478200,1.97
39952,2.05,2.06,2.04,2.05,659755800,1.99
39953,2.02,2.05,2.02,2.02,500494000,1.96
39954,1.97,2.02,1.97,1.97,793465900,1.91
39955,1.97,1.98,1.95,1.97,551668400,1.91
39958,1.98,1.99,1.93,1.98,602519900,1.92
39959,1.98,1.98,1.94,1.94,404407000,1.89
39960,1.96,2,1.95,1.99,772053300,1.93
39965,2.02,2.09,2.02,2.08,889276300,2.02
39966,2.09,2.1,2.07,2.07,844664100,2.01
39967,2.07,2.16,2.07,2.15,802295100,2.09
39968,2.14,2.18,2.13,2.17,1377988400,2.11
39969,2.18,2.19,2.16,2.16,715899100,2.1
39972,2.16,2.21,2.14,2.18,819623400,2.12
39973,2.18,2.2,2.14,2.2,736587600,2.13
39974,2.2,2.22,2.19,2.21,635195500,2.15
39975,2.21,2.24,2.2,2.2,599685700,2.14
39976,2.2,2.22,2.15,2.16,713060100,2.1
39979,2.17,2.22,2.15,2.22,964767500,2.16
39980,2.19,2.23,2.19,2.2,803426600,2.14
39981,2.2,2.25,2.17,2.23,856837800,2.17
39982,2.23,2.28,2.23,2.28,852639300,2.22
39983,2.29,2.32,2.28,2.31,608966400,2.25
39986,2.34,2.35,2.31,2.32,624039600,2.25
39987,2.29,2.36,2.28,2.33,1068716200,2.26
39988,2.32,2.34,2.3,2.33,777842600,2.27
39989,2.33,2.35,2.32,2.33,678907000,2.26
39990,2.34,2.35,2.33,2.34,444559400,2.27
39993,2.34,2.39,2.34,2.39,464757700,2.32
39994,2.4,2.4,2.38,2.38,611750700,2.31
39995,2.37,2.44,2.37,2.44,737115700,2.37
39996,2.45,2.49,2.44,2.48,739607500,2.41
39997,2.47,2.51,2.46,2.51,917535700,2.44
40000,2.51,2.56,2.51,2.55,703411700,2.48
40001,2.55,2.56,2.51,2.51,878281200,2.44
40002,2.49,2.52,2.44,2.5,1299237200,2.43
40003,2.49,2.53,2.48,2.53,860612000,2.46
40004,2.53,2.55,2.5,2.52,641008100,2.44
40007,2.5,2.51,2.47,2.47,585446100,2.4
40008,2.48,2.55,2.48,2.55,784397700,2.48
40009,2.56,2.58,2.56,2.58,502894400,2.5
40010,2.6,2.63,2.58,2.6,745611900,2.52
40011,2.6,2.62,2.59,2.61,474893200,2.54
40014,2.62,2.66,2.6,2.66,551167000,2.59
40015,2.67,2.68,2.62,2.62,920725400,2.55
40016,2.62,2.68,2.62,2.68,819243700,2.6
40017,2.68,2.72,2.66,2.72,610530700,2.64
40018,2.74,2.75,2.69,2.74,793400500,2.67
40021,2.75,2.81,2.75,2.81,640125200,2.73
40022,2.81,2.81,2.77,2.8,783943700,2.72
40023,2.79,2.83,2.57,2.66,1621811600,2.59
40024,2.71,2.77,2.66,2.75,1869133400,2.67
40025,2.79,2.82,2.75,2.82,1113916300,2.74
40028,2.83,2.84,2.8,2.84,944875400,2.76
40029,2.85,2.85,2.77,2.81,989497500,2.73
40030,2.8,2.81,2.74,2.76,968703400,2.68
40031,2.74,2.76,2.66,2.7,1089712300,2.62
40032,2.71,2.72,2.62,2.64,1109224700,2.56
40035,2.66,2.68,2.58,2.62,1190236800,2.54
40036,2.63,2.63,2.59,2.62,933324000,2.54
40037,2.61,2.62,2.47,2.49,1482479500,2.42
40038,2.51,2.55,2.46,2.53,1375078800,2.46
40039,2.53,2.54,2.45,2.48,1339075200,2.41
40042,2.43,2.46,2.33,2.34,1965095200,2.27
40043,2.33,2.36,2.29,2.35,1689418200,2.28
40044,2.35,2.36,2.21,2.24,1638055800,2.18
40045,2.26,2.35,2.25,2.34,1545721000,2.28
40046,2.34,2.4,2.32,2.37,1627166400,2.31
40049,2.39,2.4,2.35,2.38,803172500,2.31
40050,2.36,2.36,2.2,2.27,1275856900,2.21
40051,2.24,2.33,2.24,2.31,1153578800,2.24
40052,2.29,2.33,2.26,2.29,1564160100,2.22
40053,2.29,2.3,2.19,2.21,1283904300,2.14
40056,2.16,2.17,2.04,2.05,1195672200,1.99
40057,2.05,2.13,2.05,2.09,1458219600,2.03
40058,2.07,2.14,2.06,2.13,1201464800,2.07
40059,2.14,2.26,2.13,2.25,1277383200,2.18
40060,2.24,2.27,2.23,2.25,1262029600,2.18
40063,2.27,2.3,2.25,2.26,1149650600,2.19
40064,2.25,2.31,2.22,2.31,1132259600,2.24
40065,2.32,2.33,2.28,2.31,853167300,2.24
40066,2.3,2.32,2.28,2.29,622102500,2.22
40067,2.29,2.37,2.29,2.36,1061809000,2.29
40070,2.37,2.39,2.35,2.38,773460200,2.32
40071,2.39,2.41,2.36,2.38,844522500,2.32
40072,2.37,2.39,2.32,2.34,983815800,2.28
40073,2.36,2.39,2.36,2.39,917943500,2.32
40074,2.39,2.39,2.29,2.3,1040190300,2.23
40077,2.28,2.31,2.23,2.3,1281580600,2.24
40078,2.28,2.32,2.24,2.24,999609800,2.18
40079,2.26,2.27,2.2,2.21,830495300,2.15
40080,2.2,2.27,2.18,2.24,1091930400,2.18
40081,2.23,2.26,2.21,2.24,830391300,2.17
40084,2.25,2.26,2.17,2.17,599509700,2.11
40085,2.19,2.21,2.16,2.19,861509300,2.13
40086,2.2,2.23,2.19,2.21,695920400,2.15
40095,2.27,2.33,2.26,2.33,656760200,2.26
40098,2.33,2.35,2.3,2.3,634013300,2.24
40099,2.3,2.35,2.3,2.35,576904000,2.28
40100,2.35,2.4,2.34,2.36,868842200,2.29
40101,2.39,2.41,2.36,2.37,761514800,2.3
40102,2.38,2.39,2.33,2.37,714406900,2.3
40105,2.36,2.43,2.35,2.43,723668800,2.36
40106,2.44,2.47,2.43,2.46,995886200,2.39
40107,2.45,2.49,2.45,2.46,702021000,2.39
40108,2.46,2.46,2.43,2.43,678827900,2.37
40109,2.45,2.5,2.44,2.48,837231500,2.41
40112,2.49,2.5,2.47,2.49,653783700,2.42
40113,2.47,2.47,2.42,2.42,736417800,2.35
40114,2.41,2.43,2.36,2.41,1059691600,2.34
40115,2.37,2.39,2.35,2.35,760758300,2.28
40116,2.4,2.42,2.38,2.38,757553500,2.31
40119,2.32,2.47,2.32,2.47,1096018800,2.4
40120,2.47,2.51,2.46,2.49,843673000,2.42
40121,2.49,2.53,2.48,2.51,766085600,2.43
40122,2.51,2.52,2.49,2.51,619740500,2.44
40123,2.54,2.55,2.52,2.52,688943600,2.45
40126,2.52,2.53,2.49,2.53,588249300,2.45
40127,2.54,2.56,2.53,2.53,580172000,2.46
40128,2.53,2.53,2.5,2.52,598421200,2.45
40129,2.53,2.54,2.5,2.51,522628900,2.44
40130,2.5,2.53,2.47,2.53,752845700,2.46
40133,2.55,2.61,2.55,2.61,838517700,2.53
40134,2.62,2.63,2.6,2.61,698728400,2.53
40135,2.61,2.62,2.6,2.61,524128800,2.53
40136,2.61,2.63,2.58,2.61,871965700,2.53
40137,2.59,2.6,2.56,2.58,562913200,2.51
40140,2.59,2.6,2.57,2.6,439294700,2.52
40141,2.61,2.62,2.52,2.53,1061376300,2.46
40142,2.53,2.57,2.49,2.57,1076835700,2.49
40143,2.57,2.58,2.46,2.46,1283051100,2.39
40144,2.44,2.45,2.38,2.39,1100470500,2.33
40147,2.43,2.47,2.41,2.47,1027940000,2.4
40148,2.46,2.5,2.44,2.49,957783300,2.42
40149,2.51,2.53,2.5,2.52,810169500,2.44
40150,2.52,2.52,2.48,2.5,594884100,2.43
40151,2.49,2.61,2.48,2.59,1765661000,2.52
40154,2.59,2.61,2.58,2.6,1179883300,2.52
40155,2.6,2.6,2.53,2.55,898780800,2.48
40156,2.52,2.53,2.49,2.5,825129000,2.42
40157,2.52,2.53,2.49,2.51,696764200,2.44
40158,2.52,2.54,2.51,2.51,698198600,2.44
40161,2.51,2.57,2.46,2.56,1418954600,2.48
40162,2.54,2.56,2.52,2.53,764909200,2.45
40163,2.51,2.55,2.51,2.51,755129700,2.44
40164,2.53,2.54,2.46,2.47,812279100,2.4
40165,2.44,2.46,2.41,2.43,695952300,2.36
40168,2.43,2.44,2.39,2.41,697190800,2.35
40169,2.42,2.42,2.35,2.37,677068800,2.3
40170,2.36,2.38,2.35,2.37,634041000,2.31
40171,2.38,2.44,2.37,2.43,919975600,2.37
40172,2.43,2.43,2.41,2.41,496893500,2.34
40175,2.42,2.47,2.42,2.45,634378000,2.38
40176,2.45,2.48,2.44,2.47,500569400,2.4
40177,2.47,2.56,2.47,2.54,1212204600,2.47
40178,2.55,2.57,2.54,2.56,926696400,2.49
40182,2.57,2.57,2.51,2.51,786433200,2.44
40183,2.53,2.56,2.49,2.54,1099878800,2.47
40184,2.54,2.55,2.51,2.51,546572500,2.44
40185,2.51,2.53,2.45,2.46,894267500,2.39
40186,2.46,2.47,2.43,2.46,885476000,2.39
40189,2.6,2.6,2.46,2.47,1354881000,2.4
40190,2.46,2.51,2.43,2.51,1217262600,2.43
40191,2.45,2.46,2.39,2.39,1420743200,2.33
40192,2.41,2.42,2.38,2.42,878212500,2.35
40193,2.42,2.44,2.4,2.42,652328400,2.35
40196,2.41,2.42,2.4,2.41,508850200,2.35
40197,2.42,2.45,2.42,2.43,971663800,2.36
40198,2.43,2.44,2.35,2.36,769251600,2.29
40199,2.36,2.39,2.35,2.38,1107771000,2.31
40200,2.35,2.4,2.32,2.38,1170291600,2.31
40203,2.35,2.39,2.35,2.36,797176100,2.29
40204,2.36,2.36,2.3,2.31,961401400,2.24
40205,2.31,2.32,2.26,2.26,1010113400,2.2
40206,2.26,2.27,2.23,2.25,596860200,2.19
40207,2.24,2.28,2.23,2.24,620091800,2.18
40210,2.24,2.24,2.19,2.21,700122300,2.14
40211,2.22,2.27,2.21,2.22,656543300,2.15
40212,2.23,2.28,2.19,2.28,1095397500,2.22
40213,2.26,2.28,2.25,2.27,728476900,2.2
40214,2.22,2.23,2.21,2.22,652672400,2.16
40217,2.22,2.23,2.2,2.21,349984600,2.15
40218,2.21,2.24,2.2,2.23,408855200,2.16
40219,2.25,2.26,2.24,2.26,348961100,2.2
40220,2.26,2.28,2.26,2.27,222058900,2.2
40221,2.28,2.29,2.27,2.29,229641000,2.22
40224,2.28,2.29,2.27,2.29,229641000,2.22
40225,2.28,2.29,2.27,2.29,229641000,2.22
40226,2.28,2.29,2.27,2.29,229641000,2.22
40227,2.28,2.29,2.27,2.29,229641000,2.22
40231,2.29,2.29,2.27,2.27,395044300,2.21
40232,2.26,2.27,2.21,2.23,576802400,2.17
40233,2.22,2.25,2.21,2.25,403690600,2.19
40234,2.26,2.29,2.25,2.29,678995900,2.22
40235,2.28,2.29,2.28,2.28,336878600,2.21
40238,2.28,2.32,2.28,2.32,426241700,2.25
40239,2.32,2.33,2.31,2.31,405330700,2.25
40240,2.31,2.32,2.29,2.32,297466100,2.25
40241,2.32,2.32,2.27,2.27,551707400,2.2
40242,2.27,2.29,2.27,2.27,267958500,2.21
40245,2.28,2.3,2.27,2.29,245906900,2.22
40246,2.29,2.32,2.27,2.31,417541800,2.24
40247,2.31,2.32,2.29,2.3,343183100,2.23
40248,2.3,2.32,2.28,2.3,577884600,2.24
40249,2.3,2.31,2.28,2.28,431437400,2.21
40252,2.27,2.28,2.23,2.24,646422100,2.18
40253,2.24,2.26,2.24,2.26,349058500,2.19
40254,2.27,2.31,2.26,2.31,576197600,2.24
40255,2.31,2.32,2.29,2.29,471913500,2.23
40256,2.29,2.32,2.28,2.31,439874200,2.25
40259,2.31,2.33,2.31,2.32,495343400,2.25
40260,2.32,2.32,2.29,2.29,372564300,2.22
40261,2.3,2.31,2.29,2.29,403002600,2.23
40262,2.28,2.28,2.26,2.26,373875800,2.19
40263,2.26,2.31,2.26,2.3,474679100,2.23
40266,2.31,2.37,2.31,2.37,967477600,2.3
40267,2.37,2.37,2.35,2.37,453997400,2.3
40268,2.37,2.37,2.34,2.35,441623100,2.28
40269,2.35,2.38,2.35,2.37,493245800,2.31
40270,2.38,2.38,2.37,2.38,360514400,2.31
40274,2.39,2.41,2.37,2.37,562604500,2.31
40275,2.37,2.38,2.35,2.36,511709400,2.29
40276,2.35,2.35,2.31,2.32,443993300,2.25
40277,2.33,2.35,2.32,2.34,346242400,2.28
40280,2.35,2.36,2.3,2.31,424125400,2.25
40281,2.31,2.37,2.31,2.36,1036319600,2.29
40282,2.36,2.38,2.35,2.37,403656300,2.3
40283,2.37,2.37,2.34,2.37,492517700,2.3
40284,2.35,2.36,2.33,2.33,490903800,2.26
40287,2.31,2.31,2.2,2.21,1227932000,2.15
40288,2.21,2.22,2.18,2.2,730104700,2.14
40289,2.2,2.24,2.19,2.23,677941100,2.17
40290,2.22,2.22,2.18,2.18,709689400,2.12
40291,2.19,2.2,2.16,2.17,722811000,2.11
40294,2.17,2.18,2.14,2.15,799815300,2.09
40295,2.14,2.14,2.08,2.11,735802500,2.05
40296,2.09,2.11,2.08,2.11,524045500,2.04
40297,2.12,2.13,2.1,2.1,572707000,2.04
40298,2.11,2.13,2.1,2.13,714107700,2.07
40302,2.1,2.12,2.1,2.1,547507200,2.04
40303,2.09,2.11,2.05,2.11,723996100,2.05
40304,2.09,2.09,2.01,2.01,839942800,1.95
40305,1.98,2.02,1.96,1.99,855935600,1.93
40308,2,2.03,1.98,2.01,814778300,1.96
40309,2.06,2.06,1.96,1.97,1015144100,1.92
40310,1.97,2.01,1.95,2.01,1045575200,1.95
40311,2.01,2.05,2,2.05,1001507800,1.99
40312,2.03,2.04,2.02,2.03,555654300,1.97
40315,2,2,1.93,1.93,771725100,1.88
40316,1.94,1.99,1.93,1.98,941195900,1.92
40317,1.97,2,1.94,1.97,840645800,1.91
40318,1.95,1.98,1.93,1.93,679022700,1.88
40319,1.88,1.96,1.88,1.95,802983900,1.9
40322,1.97,2.03,1.97,2.02,895963100,1.96
40323,2,2,1.96,1.96,515545500,1.91
40324,1.97,1.99,1.96,1.96,414165600,1.91
40325,1.96,2,1.94,1.99,614595400,1.94
40326,2.02,2.02,1.98,1.98,709172500,1.93
40329,1.97,1.99,1.93,1.94,593673100,1.88
40330,1.93,1.95,1.9,1.92,597566200,1.87
40331,1.92,1.93,1.89,1.92,418117400,1.86
40332,1.93,1.94,1.91,1.91,562833000,1.85
40333,1.9,1.91,1.89,1.91,314690200,1.85
40336,1.87,1.89,1.86,1.87,399848500,1.81
40337,1.87,1.88,1.85,1.86,330622400,1.81
40338,1.87,1.93,1.84,1.92,909263700,1.87
40339,1.9,1.91,1.89,1.89,507987300,1.84
40340,1.9,1.92,1.89,1.9,426963700,1.84
40346,1.91,1.92,1.89,1.9,338591100,1.84
40347,1.89,1.91,1.88,1.88,358989100,1.83
40350,1.89,1.96,1.88,1.95,758845900,1.89
40351,1.94,1.95,1.94,1.95,313034500,1.89
40352,1.94,1.95,1.91,1.93,332778600,1.87
40353,1.93,1.95,1.92,1.94,345618600,1.88
40354,1.92,1.94,1.92,1.93,378242900,1.88
40357,1.93,1.95,1.92,1.93,304091100,1.88
40358,1.93,1.94,1.85,1.85,587908500,1.8
40359,1.84,1.85,1.83,1.84,487900700,1.78
40360,1.83,1.85,1.82,1.82,383684300,1.77
40361,1.82,1.84,1.79,1.84,596043900,1.78
40364,1.82,1.84,1.8,1.82,515792100,1.77
40365,1.82,1.85,1.81,1.85,592391800,1.8
40366,1.85,1.85,1.83,1.85,379166400,1.8
40367,1.86,1.87,1.85,1.86,374439400,1.8
40368,1.86,1.91,1.84,1.9,515495000,1.84
40371,1.89,1.92,1.88,1.91,418954400,1.85
40372,1.89,1.89,1.87,1.88,388114800,1.83
40373,1.88,1.91,1.88,1.89,407506800,1.84
40374,1.89,1.91,1.86,1.86,408115200,1.81
40375,1.85,1.86,1.84,1.86,300303700,1.8
40378,1.85,1.91,1.84,1.9,485990400,1.85
40379,1.9,1.94,1.9,1.94,508304500,1.88
40380,1.94,1.95,1.93,1.94,420885300,1.88
40381,1.93,1.96,1.93,1.96,391422500,1.9
40382,1.96,1.98,1.96,1.97,463091900,1.91
40385,1.97,1.98,1.96,1.97,322591400,1.92
40386,1.97,1.97,1.96,1.96,258974300,1.91
40387,1.96,2.02,1.96,2.02,603357300,1.96
40388,2.02,2.03,2.01,2.02,463818500,1.96
40389,2.02,2.02,2.01,2.02,302084900,1.96
40392,2.02,2.05,2.02,2.05,474355600,1.99
40393,2.05,2.05,2,2.01,545608500,1.95
40394,2.01,2.03,1.98,2.01,629255400,1.95
40395,2.01,2.01,1.97,1.98,369945900,1.93
40396,1.98,2.02,1.97,2.01,458282800,1.96
40399,2.01,2.03,2,2.02,396139600,1.96
40400,2.02,2.02,1.97,1.97,493237100,1.91
40401,1.97,1.98,1.96,1.97,371774800,1.91
40402,1.96,1.97,1.94,1.95,313713800,1.89
40403,1.94,1.97,1.93,1.96,354766100,1.91
40406,1.95,2.01,1.95,2,409273200,1.95
40407,2.01,2.02,2,2.01,416730400,1.96
40408,2.01,2.04,2,2.01,403166000,1.95
40409,2.01,2.04,2,2.03,476368200,1.97
40410,2.02,2.03,2,2,467286600,1.94
40413,1.99,2.02,1.98,1.99,300866800,1.94
40414,1.99,2.02,1.97,1.99,434402000,1.93
40415,1.98,1.99,1.94,1.95,395870100,1.89
40416,1.96,1.96,1.94,1.94,358408900,1.89
40417,1.94,1.95,1.94,1.95,221579100,1.89
40420,1.96,1.98,1.96,1.97,378090300,1.92
40421,1.96,1.97,1.95,1.96,258298700,1.9
40422,1.96,1.98,1.94,1.95,448285000,1.89
40423,1.97,1.98,1.96,1.97,379190400,1.91
40424,1.97,1.97,1.95,1.96,362264900,1.9
40427,1.97,2.01,1.97,2.01,520258300,1.95
40428,2.01,2.02,1.99,2,299269000,1.95
40429,1.99,2,1.98,1.99,248971600,1.93
40430,1.99,1.99,1.94,1.95,312479900,1.9
40431,1.95,1.96,1.93,1.95,331023100,1.89
40434,1.95,1.97,1.94,1.96,380971700,1.9
40435,1.96,1.97,1.95,1.96,324011900,1.9
40436,1.96,1.96,1.92,1.92,297352600,1.87
40437,1.92,1.93,1.88,1.89,387597800,1.84
40438,1.9,1.9,1.89,1.89,197198600,1.84
40441,1.89,1.91,1.88,1.9,230225700,1.84
40442,1.9,1.91,1.89,1.9,138721900,1.84
40448,1.9,1.92,1.9,1.91,195970000,1.86
40449,1.91,1.91,1.9,1.9,436571200,1.84
40450,1.89,1.92,1.89,1.9,252733000,1.85
40451,1.89,1.95,1.89,1.95,331703000,1.89
40459,1.97,2.04,1.96,2.03,876185700,1.97
40462,2.04,2.12,2.04,2.1,1076773500,2.04
40463,2.1,2.13,2.08,2.13,551775700,2.07
40464,2.13,2.16,2.12,2.16,697333300,2.1
40465,2.23,2.23,2.19,2.19,977496500,2.13
40466,2.18,2.3,2.18,2.28,221820900,2.21
40469,2.3,2.35,2.26,2.26,449205100,2.2
40470,2.26,2.31,2.24,2.31,1073269200,2.24
40471,2.29,2.34,2.26,2.31,451646400,2.24
40472,2.31,2.32,2.25,2.27,782205700,2.2
40473,2.26,2.28,2.24,2.26,566044400,2.19
40476,2.26,2.33,2.23,2.32,652403200,2.26
40477,2.33,2.34,2.28,2.29,625311300,2.23
40478,2.28,2.32,2.24,2.25,698342000,2.18
40479,2.24,2.27,2.23,2.25,492705000,2.18
40480,2.24,2.27,2.2,2.21,613957600,2.15
40483,2.22,2.27,2.22,2.27,577876800,2.2
40484,2.27,2.29,2.23,2.26,542789600,2.19
40485,2.26,2.29,2.23,2.25,885191200,2.19
40486,2.25,2.29,2.25,2.28,631572500,2.21
40487,2.33,2.35,2.29,2.3,481534100,2.24
40490,2.31,2.32,2.29,2.31,507820300,2.25
40491,2.31,2.31,2.27,2.28,482450000,2.21
40492,2.26,2.27,2.23,2.24,582210400,2.18
40493,2.25,2.3,2.24,2.27,766002800,2.21
40494,2.26,2.27,2.15,2.15,996892700,2.09
40497,2.16,2.17,2.11,2.14,773976100,2.08
40498,2.1,2.11,2.02,2.02,679064600,1.96
40499,2,2.03,1.99,2,812728100,1.94
40500,2.02,2.04,2,2.02,559805100,1.97
40501,2.03,2.04,1.97,2.03,577740100,1.97
40504,2.01,2.02,2,2.01,539552600,1.95
40505,1.99,2,1.94,1.96,678164500,1.91
40506,1.96,2.02,1.96,2.01,584770800,1.95
40507,2.02,2.04,1.99,2.04,596187900,1.98
40508,2.03,2.04,2.01,2.01,436819900,1.96
40511,2.01,2.02,1.99,2.01,327161900,1.95
40512,2.01,2.02,1.94,1.98,660092300,1.92
40513,1.97,1.99,1.96,1.98,335581300,1.92
40514,2.01,2.02,1.99,1.99,374738700,1.94
40515,2,2.01,1.99,2,385480300,1.94
40518,2.01,2.03,2.01,2.03,484342100,1.97
40519,2.02,2.05,1.99,2.04,465144200,1.98
40520,2.03,2.05,2.01,2.01,349761700,1.96
40521,2,2.02,1.99,1.99,285565000,1.94
40522,1.98,2.02,1.98,2.02,342143300,1.96
40525,2.02,2.07,2.02,2.07,442058700,2.01
40526,2.08,2.08,2.06,2.06,315433300,2
40527,2.06,2.07,2.05,2.05,277884600,1.99
40528,2.05,2.05,2.03,2.03,242154900,1.97
40529,2.03,2.04,2.02,2.03,185448600,1.97
40532,2.03,2.04,1.97,1.99,448372400,1.94
40533,2,2.05,1.99,2.04,562947200,1.99
40534,2.05,2.05,2.01,2.02,284836300,1.96
40535,2.02,2.04,2.01,2.01,354056700,1.95
40536,2,2.02,1.99,2.01,434617700,1.95
40539,2.02,2.04,1.97,1.97,383540500,1.92
40540,1.97,1.97,1.95,1.95,397409300,1.89
40541,1.95,1.95,1.93,1.95,246002300,1.89
40542,1.95,1.95,1.92,1.94,286550100,1.88
40543,1.94,1.97,1.94,1.97,340470000,1.91
40547,1.99,2.02,1.98,2.01,327005200,1.95
40548,2,2.01,1.99,1.99,297537800,1.94
40549,2,2.01,1.97,1.98,276954600,1.92
40550,1.98,2.03,1.97,2,550730800,1.94
40553,2,2.01,1.97,1.97,358915900,1.92
40554,1.97,2,1.97,1.99,346024800,1.94
40555,2,2.02,1.98,2.01,324060200,1.95
40556,2.02,2.02,2,2.01,246833300,1.95
40557,2,2,1.98,1.98,266310400,1.92
40560,1.97,1.98,1.91,1.91,551819800,1.86
40561,1.91,1.92,1.9,1.92,306326000,1.87
40562,1.92,1.95,1.91,1.95,269244800,1.89
40563,1.94,1.94,1.89,1.89,319170700,1.84
40564,1.89,1.95,1.89,1.92,506916200,1.86
40567,1.92,1.93,1.9,1.9,318210000,1.85
40568,1.9,1.92,1.9,1.91,327659800,1.85
40569,1.91,1.92,1.91,1.92,218224200,1.87
40570,1.91,1.95,1.9,1.94,389782500,1.89
40571,1.94,1.95,1.92,1.94,248797800,1.88
40574,1.94,1.96,1.94,1.96,209864600,1.9
40575,1.96,1.97,1.95,1.96,184988800,1.91
40583,1.95,1.97,1.93,1.94,280071600,1.88
40584,1.94,1.97,1.93,1.97,324198900,1.91
40585,1.96,1.98,1.96,1.97,232305900,1.91
40588,1.97,2.05,1.97,2.04,637736900,1.98
40589,2.05,2.07,2.03,2.04,536560100,1.98
40590,2.04,2.04,2.02,2.04,262009600,1.98
40591,2.05,2.06,2.03,2.04,290942400,1.98
40592,2.03,2.04,2.02,2.02,267063100,1.97
40595,2.01,2.04,2.01,2.04,265285600,1.98
40596,2.04,2.04,1.98,1.99,512531300,1.93
40597,1.98,1.99,1.98,1.99,296057200,1.93
40598,1.98,2,1.98,1.99,208382700,1.94
40599,1.99,2.01,1.98,2,319857600,1.94
40602,2,2.02,1.98,2.01,272898100,1.95
40603,2.01,2.04,2.01,2.02,351253400,1.97
40604,2.01,2.04,2.01,2.03,412184600,1.97
40605,2.03,2.08,2.03,2.04,625642600,1.98
40606,2.04,2.08,2.04,2.07,360809300,2.01
40609,2.08,2.12,2.08,2.11,549481400,2.05
40610,2.11,2.12,2.1,2.11,304896200,2.05
40611,2.12,2.13,2.1,2.11,308773000,2.05
40612,2.1,2.1,2.06,2.06,369880300,2.01
40613,2.06,2.07,2.03,2.04,337705300,1.98
40616,2.04,2.05,2.03,2.04,326241100,1.98
40617,2.03,2.04,1.98,2.01,448252800,1.95
40618,2.01,2.04,2.01,2.04,340812000,1.98
40619,2.02,2.04,2,2.01,292176900,1.96
40620,2.03,2.04,2.02,2.03,230998400,1.97
40623,2.03,2.04,2.02,2.03,261445700,1.97
40624,2.03,2.05,2.01,2.05,358340200,1.99
40625,2.04,2.07,2.04,2.07,327244000,2.01
40626,2.07,2.07,2.05,2.06,185477500,2
40627,2.06,2.1,2.06,2.09,683034300,2.03
40630,2.1,2.12,2.09,2.09,355978300,2.03
40631,2.09,2.12,2.08,2.09,464149900,2.03
40632,2.09,2.1,2.08,2.09,415963700,2.03
40633,2.09,2.1,2.07,2.07,268986200,2.01
40634,2.07,2.12,2.07,2.12,371282900,2.06
40639,2.12,2.17,2.12,2.16,559615200,2.1
40640,2.17,2.18,2.15,2.16,287110600,2.1
40641,2.16,2.18,2.16,2.17,278841100,2.11
40644,2.18,2.2,2.16,2.16,359769000,2.1
40645,2.16,2.17,2.14,2.15,286475500,2.09
40646,2.14,2.19,2.13,2.19,370938800,2.13
40647,2.19,2.2,2.17,2.18,388608500,2.11
40648,2.17,2.2,2.16,2.19,575466100,2.13
40651,2.17,2.2,2.17,2.19,460694200,2.13
40652,2.18,2.18,2.14,2.14,386835700,2.08
40653,2.14,2.15,2.12,2.13,251159900,2.07
40654,2.15,2.16,2.14,2.15,211278800,2.09
40655,2.15,2.16,2.13,2.14,165956800,2.08
40658,2.14,2.14,2.11,2.12,422404000,2.06
40659,2.11,2.12,2.1,2.11,306120600,2.05
40660,2.12,2.13,2.09,2.1,403156200,2.04
40661,2.12,2.14,2.1,2.11,512098200,2.05
40662,2.11,2.11,2.08,2.1,485971800,2.04
40666,2.1,2.11,2.08,2.1,374578000,2.04
40667,2.09,2.09,2.04,2.04,419639200,1.98
40668,2.04,2.04,2.02,2.04,333155200,1.98
40669,2.02,2.04,2.01,2.03,333276500,1.97
40672,2.03,2.04,2.02,2.02,160293500,1.97
40673,2.03,2.05,2.02,2.04,236139700,1.99
40674,2.04,2.05,2.03,2.04,178282500,1.98
40675,2.03,2.03,2.01,2.01,229125600,1.95
40676,2.02,2.03,2,2.03,403668600,1.97
40679,2.02,2.03,2.01,2.01,232489100,1.95
40680,2.01,2.04,2,2.02,324660800,1.96
40681,2.02,2.05,2.02,2.04,301726800,1.98
40682,2.04,2.05,2.03,2.03,186285300,1.97
40683,2.03,2.05,2.03,2.04,160860400,1.98
40686,2.04,2.04,1.98,1.98,359412900,1.92
40687,1.98,1.99,1.98,1.98,246375000,1.93
40688,1.98,1.99,1.96,1.96,187415500,1.91
40689,1.97,1.98,1.96,1.97,230723900,1.91
40690,1.97,1.98,1.96,1.97,335359500,1.91
40693,1.96,1.98,1.95,1.97,296972900,1.91
40694,1.97,2,1.97,2,348438100,1.94
40695,1.99,1.99,1.98,1.99,274979800,1.93
40696,1.98,1.98,1.93,1.95,334120400,1.9
40697,1.95,1.97,1.95,1.97,246227300,1.91
40701,1.96,1.98,1.96,1.97,173702600,1.92
40702,1.98,1.98,1.95,1.97,182231500,1.91
40703,1.97,1.97,1.94,1.94,179697000,1.89
40704,1.94,1.95,1.93,1.95,230140100,1.89
40707,1.93,1.95,1.92,1.94,230100500,1.89
40708,1.94,1.97,1.94,1.97,268236500,1.91
40709,1.97,1.97,1.95,1.95,163975100,1.9
40710,1.94,1.94,1.93,1.93,180839900,1.87
40711,1.93,1.94,1.92,1.92,263388200,1.86
40714,1.91,1.92,1.9,1.91,257929000,1.85
40715,1.91,1.93,1.91,1.92,251765200,1.87
40716,1.93,1.94,1.92,1.92,241158600,1.87
40717,1.92,1.97,1.92,1.96,299337000,1.9
40718,1.95,2.02,1.95,2,498509300,1.94
40721,2,2.01,1.99,2,224732000,1.94
40722,2,2,1.98,2,239012700,1.94
40723,2,2,1.96,1.96,196196600,1.91
40724,1.97,2.01,1.97,2,374678300,1.94
40725,2,2.01,1.99,2,188224000,1.94
40728,2.01,2.05,2.01,2.05,415489200,1.99
40729,2.05,2.05,2.03,2.04,215295400,1.98
40730,2.04,2.04,2.01,2.03,214561900,1.97
40731,2.04,2.05,2.02,2.02,274092500,1.96
40732,2.02,2.04,2.01,2.03,256663100,1.97
40735,2.02,2.03,2.01,2.02,172851000,1.96
40736,2.01,2.01,1.98,1.98,232250300,1.92
40737,1.98,2.02,1.98,2.01,303541100,1.95
40738,2.01,2.03,2.01,2.02,142867000,1.96
40739,2.01,2.03,2,2.02,170033800,1.96
40742,2.02,2.03,2.01,2.01,131513100,1.96
40743,2.01,2.01,2,2,137216400,1.94
40744,2.01,2.01,1.99,2,172956300,1.94
40745,2,2,1.97,1.97,252079700,1.92
40746,1.98,1.99,1.97,1.98,130035400,1.92
40749,1.97,1.97,1.92,1.92,222928400,1.87
40750,1.92,1.93,1.92,1.93,128300700,1.87
40751,1.92,1.93,1.91,1.93,196496400,1.88
40752,1.91,1.92,1.9,1.91,143933700,1.86
40753,1.92,1.94,1.9,1.92,285319300,1.87
40756,1.92,1.93,1.91,1.93,113215500,1.87
40757,1.91,1.91,1.89,1.91,262044800,1.85
40758,1.89,1.92,1.89,1.91,152958100,1.85
40759,1.91,1.93,1.91,1.91,91395300,1.85
40760,1.87,1.88,1.86,1.87,309940800,1.81
40763,1.86,1.87,1.79,1.81,467957300,1.76
40764,1.77,1.82,1.75,1.82,506030500,1.77
40765,1.84,1.85,1.82,1.83,287693400,1.78
40766,1.8,1.86,1.8,1.85,300473600,1.8
40767,1.86,1.86,1.85,1.85,260418300,1.8
40770,1.85,1.89,1.85,1.89,320541600,1.84
40771,1.88,1.9,1.87,1.88,216519300,1.82
40772,1.88,1.89,1.87,1.87,182515800,1.81
40773,1.87,1.87,1.83,1.84,280057500,1.78
40774,1.81,1.83,1.8,1.82,302793600,1.77
40777,1.82,1.83,1.8,1.8,212755400,1.75
40778,1.81,1.84,1.8,1.84,238946500,1.78
40779,1.84,1.85,1.82,1.82,142426600,1.77
40780,1.83,1.89,1.82,1.89,483315600,1.84
40781,1.89,1.89,1.87,1.89,358396100,1.83
40784,1.87,1.87,1.85,1.85,249336200,1.8
40785,1.86,1.89,1.84,1.85,333263600,1.79
40786,1.85,1.86,1.84,1.86,233744100,1.8
40787,1.86,1.88,1.85,1.85,274092900,1.8
40788,1.85,1.86,1.83,1.83,261952600,1.78
40791,1.82,1.82,1.8,1.8,247392100,1.75
40792,1.8,1.8,1.79,1.79,259490600,1.74
40793,1.8,1.83,1.8,1.83,354584900,1.77
40794,1.83,1.84,1.82,1.82,182333700,1.76
40795,1.82,1.84,1.81,1.81,279809400,1.76
40799,1.79,1.8,1.78,1.8,220808100,1.75
40800,1.8,1.81,1.77,1.8,310082500,1.75
40801,1.8,1.82,1.79,1.79,260325600,1.74
40802,1.8,1.81,1.79,1.8,183569300,1.75
40805,1.79,1.79,1.77,1.77,191168000,1.72
40806,1.77,1.78,1.76,1.77,281783100,1.72
40807,1.77,1.83,1.76,1.82,485317400,1.77
40808,1.81,1.81,1.76,1.77,330213700,1.72
40809,1.74,1.76,1.73,1.75,580696800,1.7
40812,1.74,1.76,1.7,1.7,446676300,1.66
40813,1.72,1.74,1.71,1.73,315024000,1.68
40814,1.74,1.74,1.71,1.71,266332400,1.66
40815,1.7,1.72,1.7,1.71,379857800,1.66
40816,1.71,1.72,1.69,1.7,386128300,1.65
40826,1.71,1.71,1.68,1.69,255031600,1.64
40827,1.74,1.74,1.68,1.69,525888500,1.64
40828,1.68,1.76,1.67,1.75,846192300,1.7
40829,1.75,1.77,1.74,1.76,431791500,1.71
40830,1.76,1.76,1.74,1.76,301723900,1.71
40833,1.76,1.79,1.76,1.77,464644500,1.72
40834,1.76,1.76,1.72,1.72,484841000,1.67
40835,1.73,1.74,1.72,1.72,342912100,1.67
40836,1.71,1.72,1.67,1.69,405487800,1.64
40837,1.69,1.71,1.68,1.69,375512700,1.64
40840,1.7,1.75,1.69,1.74,616929800,1.69
40841,1.74,1.77,1.73,1.77,571533800,1.72
40842,1.76,1.8,1.76,1.78,577728100,1.73
40843,1.78,1.79,1.78,1.79,345892800,1.74
40844,1.81,1.84,1.81,1.82,619620300,1.77
40847,1.82,1.82,1.8,1.8,386341700,1.75
40848,1.79,1.83,1.79,1.81,478055900,1.76
40849,1.79,1.85,1.78,1.84,620644600,1.79
40850,1.85,1.86,1.83,1.83,579366400,1.78
40851,1.85,1.86,1.84,1.85,334769700,1.8
40854,1.83,1.84,1.82,1.82,301145500,1.77
40855,1.83,1.84,1.82,1.83,330919000,1.77
40856,1.83,1.84,1.81,1.84,388104000,1.79
40857,1.82,1.82,1.8,1.8,436537100,1.75
40858,1.81,1.81,1.79,1.79,302285300,1.74
40861,1.81,1.84,1.8,1.83,470730300,1.78
40862,1.83,1.83,1.82,1.82,271103400,1.77
40863,1.82,1.82,1.76,1.77,559994600,1.72
40864,1.77,1.78,1.76,1.76,286174200,1.71
40865,1.75,1.76,1.73,1.74,362700400,1.69
40868,1.74,1.74,1.72,1.74,291844700,1.69
40869,1.73,1.74,1.72,1.74,336084700,1.69
40870,1.74,1.74,1.71,1.72,427266700,1.67
40871,1.71,1.73,1.7,1.72,373840300,1.67
40872,1.72,1.72,1.7,1.7,303489800,1.66
40875,1.71,1.72,1.7,1.71,435504300,1.66
40876,1.72,1.73,1.71,1.73,418203800,1.68
40877,1.72,1.73,1.67,1.68,598284700,1.63
40878,1.73,1.76,1.72,1.73,923494800,1.68
40879,1.73,1.73,1.71,1.72,359220200,1.67
40882,1.72,1.73,1.7,1.71,481493600,1.66
40883,1.71,1.71,1.7,1.7,325451600,1.66
40884,1.7,1.72,1.7,1.72,337271600,1.67
40885,1.72,1.73,1.7,1.72,358619000,1.67
40886,1.71,1.72,1.7,1.71,283608200,1.66
40889,1.7,1.71,1.69,1.7,306652800,1.65
40890,1.69,1.69,1.66,1.66,503421300,1.61
40891,1.66,1.67,1.65,1.65,309009000,1.61
40892,1.64,1.65,1.61,1.61,584748200,1.57
40893,1.61,1.64,1.61,1.64,617753200,1.59
40896,1.63,1.64,1.6,1.64,580309600,1.59
40897,1.63,1.66,1.63,1.64,525004600,1.59
40898,1.65,1.66,1.62,1.62,428926100,1.57
40899,1.61,1.63,1.6,1.62,576333300,1.57
40900,1.62,1.65,1.61,1.63,543805100,1.59
40903,1.62,1.64,1.61,1.62,242253600,1.57
40904,1.61,1.63,1.55,1.61,467096200,1.56
40905,1.6,1.61,1.59,1.61,342326000,1.56
40906,1.6,1.62,1.6,1.61,272943400,1.56
40907,1.62,1.63,1.61,1.63,296092000,1.58
40910,1.62,1.63,1.61,1.63,296092000,1.58
40911,1.62,1.63,1.61,1.63,296092000,1.58
40912,1.64,1.64,1.61,1.61,317895400,1.56
40913,1.61,1.63,1.6,1.61,617394100,1.57
40914,1.61,1.62,1.6,1.62,413536800,1.57
40917,1.62,1.68,1.61,1.68,582485400,1.63
40918,1.67,1.72,1.67,1.72,724776000,1.67
40919,1.72,1.73,1.7,1.71,408470700,1.66
40920,1.7,1.73,1.7,1.72,372284100,1.67
40921,1.72,1.72,1.68,1.7,389686800,1.65
40924,1.69,1.71,1.67,1.68,290324900,1.63
40925,1.68,1.76,1.66,1.76,744475100,1.71
40926,1.75,1.77,1.73,1.73,455513600,1.68
40927,1.73,1.77,1.73,1.77,603383600,1.72
40928,1.77,1.8,1.76,1.79,413622300,1.74
40938,1.79,1.8,1.76,1.76,432013000,1.71
40939,1.76,1.77,1.75,1.76,286848300,1.71
40940,1.75,1.77,1.72,1.73,298916500,1.68
40941,1.73,1.78,1.73,1.78,475087500,1.73
40942,1.77,1.8,1.76,1.78,427308600,1.73
40945,1.79,1.8,1.77,1.78,335251300,1.73
40946,1.77,1.77,1.74,1.75,471602500,1.7
40947,1.75,1.81,1.75,1.8,544617200,1.75
40948,1.8,1.8,1.78,1.79,515278900,1.74
40949,1.79,1.82,1.79,1.79,363884700,1.74
40952,1.77,1.8,1.77,1.78,427909900,1.73
40953,1.78,1.78,1.76,1.77,323544500,1.72
40954,1.77,1.8,1.77,1.79,408492800,1.74
40955,1.79,1.79,1.77,1.77,353573500,1.72
40956,1.78,1.79,1.77,1.78,327109300,1.73
40959,1.81,1.81,1.78,1.78,364752500,1.73
40960,1.78,1.79,1.77,1.79,335549100,1.74
40961,1.79,1.81,1.79,1.81,339355000,1.76
40962,1.81,1.82,1.8,1.81,482616000,1.76
40963,1.81,1.84,1.81,1.84,446346300,1.79
40966,1.85,1.86,1.84,1.84,422785800,1.79
40967,1.84,1.86,1.84,1.86,449272700,1.8
40968,1.85,1.86,1.84,1.84,316393600,1.78
40969,1.83,1.85,1.83,1.83,195735700,1.78
40970,1.84,1.86,1.83,1.86,412239800,1.8
40973,1.86,1.86,1.84,1.84,277841200,1.79
40974,1.84,1.84,1.81,1.81,503897100,1.76
40975,1.8,1.81,1.79,1.79,406795700,1.74
40976,1.79,1.82,1.79,1.81,355417700,1.76
40977,1.82,1.82,1.81,1.82,365637700,1.77
40980,1.82,1.82,1.8,1.81,229591500,1.76
40981,1.81,1.83,1.81,1.83,361710000,1.77
40982,1.84,1.85,1.78,1.79,664514200,1.74
40983,1.79,1.8,1.77,1.78,465208500,1.73
40984,1.78,1.79,1.77,1.79,334134700,1.74
40987,1.78,1.79,1.77,1.79,342950400,1.74
40988,1.79,1.79,1.76,1.77,360729500,1.72
40989,1.78,1.79,1.76,1.77,511445400,1.72
40990,1.77,1.78,1.76,1.77,267202000,1.72
40991,1.77,1.77,1.75,1.76,285185500,1.71
40994,1.76,1.77,1.76,1.76,180045100,1.71
40995,1.77,1.77,1.76,1.76,214457100,1.71
40996,1.76,1.76,1.72,1.73,405828900,1.68
40997,1.72,1.72,1.7,1.7,408959600,1.66
40998,1.71,1.72,1.71,1.72,478023500,1.67
41004,1.72,1.75,1.7,1.75,492767900,1.7
41005,1.74,1.75,1.74,1.75,265376800,1.7
41008,1.74,1.75,1.73,1.74,174309500,1.69
41009,1.73,1.75,1.72,1.75,287347100,1.7
41010,1.73,1.76,1.73,1.75,247499900,1.7
41011,1.75,1.78,1.74,1.78,388494500,1.73
41012,1.78,1.8,1.78,1.79,435528600,1.74
41015,1.78,1.79,1.77,1.78,291685600,1.73
41016,1.78,1.78,1.76,1.76,291226900,1.71
41017,1.76,1.8,1.76,1.8,339103600,1.75
41018,1.8,1.81,1.79,1.8,203752900,1.75
41019,1.8,1.83,1.79,1.83,374099200,1.77
41022,1.83,1.83,1.81,1.81,247563100,1.76
41023,1.81,1.84,1.79,1.82,704576500,1.77
41024,1.82,1.83,1.81,1.83,401681700,1.78
41025,1.83,1.84,1.82,1.83,277417600,1.78
41026,1.83,1.84,1.83,1.84,303058300,1.78
41031,1.86,1.88,1.85,1.88,520701500,1.82
41032,1.87,1.88,1.87,1.88,327091800,1.82
41033,1.88,1.89,1.86,1.89,362669600,1.83
41036,1.88,1.88,1.87,1.88,374875300,1.82
41037,1.88,1.88,1.86,1.87,462467300,1.82
41038,1.86,1.86,1.84,1.84,344484000,1.79
41039,1.84,1.85,1.84,1.84,247436200,1.79
41040,1.84,1.85,1.83,1.83,310150300,1.78
41043,1.84,1.84,1.81,1.81,403672900,1.76
41044,1.8,1.81,1.8,1.81,265914600,1.76
41045,1.8,1.8,1.77,1.77,299784100,1.73
41046,1.78,1.81,1.78,1.8,306048600,1.76
41047,1.79,1.79,1.77,1.78,207868900,1.74
41050,1.78,1.8,1.77,1.79,241233200,1.75
41051,1.79,1.81,1.79,1.81,312658900,1.77
41052,1.81,1.82,1.79,1.8,185309000,1.76
41053,1.8,1.81,1.78,1.79,257350600,1.75
41054,1.79,1.8,1.77,1.78,280919200,1.74
41057,1.77,1.8,1.77,1.8,324467600,1.76
41058,1.8,1.83,1.8,1.83,386117100,1.79
41059,1.83,1.83,1.81,1.82,177603600,1.78
41060,1.81,1.82,1.8,1.81,157433000,1.77
41061,1.81,1.83,1.81,1.81,170054700,1.77
41064,1.8,1.8,1.76,1.77,329336300,1.73
41065,1.77,1.78,1.76,1.77,197687900,1.73
41066,1.77,1.78,1.77,1.77,133781700,1.73
41067,1.79,1.79,1.76,1.77,245137300,1.73
41068,1.77,1.78,1.75,1.75,237818900,1.71
41071,1.75,1.78,1.75,1.77,260224300,1.73
41072,1.76,1.77,1.75,1.76,191732500,1.72
41073,1.76,1.79,1.76,1.78,188658100,1.74
41074,1.78,1.79,1.77,1.77,130068500,1.73
41075,1.78,1.79,1.77,1.79,260680100,1.75
41078,1.8,1.8,1.79,1.79,131796400,1.75
41079,1.79,1.79,1.78,1.78,106794200,1.74
41080,1.78,1.8,1.78,1.79,105093700,1.75
41081,1.78,1.78,1.75,1.76,225488600,1.72
41085,1.75,1.75,1.72,1.72,263831300,1.68
41086,1.72,1.74,1.72,1.73,250833900,1.69
41087,1.73,1.74,1.72,1.72,356360800,1.68
41088,1.73,1.73,1.71,1.71,137936900,1.67
41089,1.71,1.74,1.71,1.74,226471300,1.7
41092,1.74,1.75,1.73,1.73,147367000,1.69
41093,1.73,1.75,1.73,1.74,195811900,1.7
41094,1.74,1.75,1.73,1.74,142293000,1.7
41095,1.74,1.74,1.72,1.72,164060200,1.69
41096,1.73,1.75,1.71,1.74,239982900,1.7
41099,1.73,1.74,1.7,1.7,261572500,1.66
41100,1.7,1.71,1.69,1.7,182405000,1.66
41101,1.7,1.71,1.69,1.7,181913700,1.66
41102,1.7,1.72,1.68,1.71,316302900,1.67
41103,1.71,1.73,1.71,1.72,229873700,1.68
41106,1.72,1.72,1.69,1.69,247364200,1.65
41107,1.69,1.71,1.69,1.7,167045000,1.66
41108,1.7,1.7,1.67,1.7,196293700,1.66
41109,1.69,1.72,1.69,1.71,249674000,1.67
41110,1.71,1.71,1.69,1.69,170379100,1.65
41113,1.68,1.68,1.66,1.66,204295100,1.63
41114,1.66,1.68,1.66,1.67,170460200,1.63
41115,1.66,1.67,1.66,1.66,203440200,1.62
41116,1.66,1.67,1.66,1.66,233288600,1.62
41117,1.66,1.67,1.66,1.67,257509400,1.63
41120,1.67,1.68,1.66,1.66,182705400,1.63
41121,1.66,1.68,1.66,1.67,185841900,1.63
41122,1.67,1.68,1.67,1.68,239407700,1.64
41123,1.68,1.68,1.66,1.67,147609100,1.64
41124,1.67,1.68,1.67,1.68,159622300,1.64
41127,1.67,1.7,1.67,1.69,203953400,1.65
41128,1.69,1.7,1.69,1.69,169114600,1.65
41129,1.7,1.71,1.69,1.7,238321600,1.66
41130,1.7,1.71,1.69,1.71,184373000,1.67
41131,1.71,1.71,1.7,1.7,113624000,1.66
41134,1.7,1.7,1.67,1.67,248091900,1.63
41135,1.67,1.67,1.65,1.67,209818900,1.63
41136,1.67,1.67,1.64,1.65,183918000,1.61
41137,1.64,1.65,1.64,1.64,133710600,1.61
41138,1.64,1.65,1.63,1.64,176587600,1.61
41141,1.63,1.63,1.62,1.63,137542400,1.59
41142,1.63,1.65,1.63,1.63,191265600,1.6
41143,1.64,1.64,1.62,1.62,100297700,1.59
41144,1.63,1.64,1.62,1.63,143122800,1.6
41145,1.63,1.63,1.62,1.62,102287500,1.59
41148,1.62,1.62,1.59,1.59,223296000,1.56
41149,1.6,1.62,1.59,1.61,230333800,1.57
41150,1.6,1.61,1.59,1.59,130572400,1.55
41151,1.58,1.6,1.58,1.59,214558800,1.56
41152,1.59,1.6,1.59,1.59,138323900,1.56
41155,1.59,1.6,1.58,1.6,176536200,1.56
41156,1.6,1.6,1.58,1.58,110375000,1.55
41157,1.58,1.58,1.57,1.57,149473400,1.54
41158,1.57,1.59,1.57,1.59,167727800,1.55
41159,1.6,1.67,1.6,1.66,646864600,1.62
41162,1.66,1.67,1.65,1.66,278186800,1.62
41163,1.65,1.65,1.63,1.65,228296500,1.61
41164,1.65,1.66,1.64,1.65,235380600,1.61
41165,1.64,1.65,1.64,1.64,205598700,1.6
41166,1.65,1.66,1.64,1.65,341713200,1.61
41169,1.65,1.65,1.62,1.62,251109000,1.59
41170,1.62,1.62,1.6,1.61,219576600,1.57
41171,1.6,1.61,1.6,1.61,164887300,1.57
41172,1.6,1.6,1.58,1.58,198411100,1.54
41173,1.58,1.59,1.57,1.58,178404600,1.55
41176,1.57,1.6,1.57,1.59,223307900,1.55
41177,1.59,1.6,1.58,1.59,155431600,1.56
41178,1.59,1.6,1.58,1.58,163989800,1.54
41179,1.58,1.7,1.58,1.62,661259600,1.58
41180,1.62,1.65,1.61,1.65,475822200,1.61
41190,1.65,1.66,1.63,1.63,172735600,1.6
41191,1.64,1.67,1.64,1.67,404837500,1.63
41192,1.66,1.66,1.65,1.66,179997600,1.63
41193,1.66,1.66,1.65,1.65,168187800,1.62
41194,1.66,1.67,1.64,1.65,239643500,1.62
41197,1.66,1.66,1.64,1.65,139261700,1.61
41198,1.65,1.66,1.65,1.65,199481400,1.61
41199,1.66,1.66,1.64,1.66,207680700,1.62
41200,1.66,1.68,1.66,1.68,409180400,1.64
41201,1.68,1.68,1.67,1.68,224228900,1.64
41204,1.67,1.69,1.66,1.68,217698000,1.64
41205,1.68,1.68,1.66,1.67,175348800,1.63
41206,1.66,1.67,1.66,1.66,175399600,1.63
41207,1.66,1.67,1.65,1.65,189013700,1.61
41208,1.65,1.65,1.61,1.62,212475700,1.58
41211,1.62,1.62,1.6,1.61,149758300,1.57
41212,1.61,1.62,1.6,1.61,171673200,1.57
41213,1.61,1.63,1.61,1.62,145192300,1.59
41214,1.63,1.66,1.63,1.65,208036200,1.62
41215,1.65,1.67,1.65,1.66,215089600,1.63
41218,1.66,1.67,1.65,1.66,148605300,1.62
41219,1.66,1.66,1.63,1.65,155878400,1.62
41220,1.65,1.66,1.64,1.65,142656300,1.62
41221,1.64,1.65,1.63,1.63,163446200,1.59
41222,1.62,1.63,1.62,1.63,120018500,1.59
41225,1.63,1.64,1.62,1.64,119879500,1.6
41226,1.6,1.6,1.57,1.58,167728100,1.58
41227,1.58,1.59,1.57,1.58,369150300,1.58
41228,1.58,1.58,1.56,1.56,146987500,1.56
41229,1.56,1.56,1.54,1.55,162063300,1.55
41232,1.55,1.55,1.53,1.55,190498600,1.55
41233,1.55,1.55,1.54,1.54,137419100,1.54
41234,1.54,1.56,1.53,1.56,240515900,1.56
41235,1.55,1.56,1.54,1.56,204036100,1.56
41236,1.56,1.57,1.55,1.57,232090400,1.57
41239,1.57,1.57,1.56,1.56,145629100,1.56
41240,1.56,1.56,1.55,1.55,113823300,1.55
41241,1.55,1.55,1.54,1.54,179813500,1.54
41242,1.54,1.55,1.53,1.54,151697600,1.54
41243,1.53,1.55,1.53,1.54,185480100,1.54
41246,1.54,1.55,1.53,1.53,147299400,1.53
41247,1.53,1.55,1.53,1.55,210537600,1.55
41248,1.54,1.61,1.54,1.6,467337600,1.6
41249,1.6,1.61,1.59,1.6,271522400,1.6
41250,1.6,1.64,1.6,1.63,427573300,1.63
41253,1.64,1.66,1.64,1.65,549528100,1.65
41254,1.64,1.66,1.64,1.64,184954600,1.64
41255,1.65,1.66,1.64,1.66,299627700,1.66
41256,1.65,1.65,1.64,1.64,268665200,1.64
41257,1.64,1.73,1.64,1.73,650868400,1.73
41260,1.73,1.75,1.73,1.74,518275000,1.74
41261,1.73,1.76,1.73,1.74,490037000,1.74
41262,1.74,1.75,1.74,1.74,320301800,1.74
41263,1.74,1.75,1.73,1.75,347705800,1.75
41264,1.75,1.77,1.73,1.74,327079700,1.74
41267,1.73,1.76,1.73,1.75,299159400,1.75
41268,1.74,1.81,1.73,1.79,589046000,1.79
41269,1.79,1.8,1.79,1.8,301051200,1.8
41270,1.81,1.81,1.78,1.79,354944800,1.79
41271,1.78,1.82,1.78,1.81,361336300,1.81
41274,1.82,1.86,1.82,1.85,366313900,1.85
41278,1.88,1.9,1.85,1.87,579336900,1.87
41281,1.86,1.89,1.85,1.88,316759800,1.88
41282,1.88,1.88,1.84,1.85,326119600,1.85
41283,1.85,1.86,1.84,1.85,263674500,1.85
41284,1.85,1.87,1.84,1.85,266849100,1.85
41285,1.85,1.86,1.81,1.82,367867000,1.82
41288,1.81,1.89,1.81,1.89,766294000,1.89
41289,1.89,1.9,1.88,1.89,421744600,1.89
41290,1.89,1.89,1.85,1.87,349744900,1.87
41291,1.87,1.87,1.84,1.85,366064100,1.85
41292,1.86,1.89,1.85,1.88,352137100,1.88
41295,1.88,1.89,1.86,1.89,453156500,1.89
41296,1.89,1.91,1.87,1.89,313002400,1.89
41297,1.89,1.9,1.88,1.9,332256100,1.9
41298,1.9,1.96,1.88,1.89,617696900,1.89
41299,1.89,1.9,1.88,1.88,284411200,1.88
41302,1.89,1.95,1.89,1.95,491206200,1.95
41303,1.95,1.99,1.95,1.98,460017100,1.98
41304,1.98,1.99,1.96,1.98,289710400,1.98
41305,1.98,1.99,1.97,1.99,370728200,1.99
41306,1.98,2.05,1.98,2.05,519887000,2.05
41309,2.06,2.08,2.05,2.06,721273700,2.06
41310,2.05,2.07,2.03,2.06,429702100,2.06
41311,2.06,2.09,2.06,2.07,269246200,2.07
41312,2.07,2.07,2.01,2.05,448704200,2.05
41313,2.05,2.05,2.02,2.04,363986400,2.04
41323,2.05,2.05,2.01,2.01,416907000,2.01
41324,2.01,2.01,1.97,1.98,346584600,1.98
41325,1.98,1.98,1.94,1.97,441176400,1.97
41326,1.95,1.95,1.87,1.89,859029200,1.89
41327,1.89,1.9,1.88,1.88,268402300,1.88
41330,1.89,1.91,1.88,1.89,233213600,1.89
41331,1.88,1.92,1.86,1.86,519612600,1.86
41332,1.87,1.9,1.87,1.88,490896500,1.88
41333,1.9,1.96,1.88,1.95,615553400,1.95
41334,1.95,1.96,1.91,1.94,426992400,1.94
41337,1.91,1.92,1.83,1.84,711679100,1.84
41338,1.85,1.91,1.84,1.91,785528500,1.91
41339,1.92,1.94,1.9,1.93,462343500,1.93
41340,1.92,1.93,1.88,1.9,506437400,1.9
41341,1.91,1.92,1.89,1.9,308447000,1.9
41344,1.89,1.9,1.87,1.88,264033700,1.88
41345,1.88,1.9,1.84,1.85,410352200,1.85
41346,1.85,1.86,1.83,1.83,313544600,1.83
41347,1.83,1.85,1.82,1.84,251266600,1.84
41348,1.84,1.89,1.82,1.85,577225700,1.85
41351,1.84,1.84,1.81,1.81,366668600,1.81
41352,1.81,1.84,1.81,1.83,403770400,1.83
41353,1.83,1.9,1.83,1.9,921103700,1.9
41354,1.91,1.91,1.89,1.9,306476100,1.9
41355,1.9,1.91,1.89,1.9,241401200,1.9
41358,1.91,1.93,1.9,1.9,318119800,1.9
41359,1.89,1.89,1.85,1.86,326954600,1.86
41360,1.86,1.89,1.85,1.87,349939400,1.87
41361,1.83,1.83,1.77,1.79,590067000,1.79
41362,1.79,1.8,1.77,1.79,346033100,1.79
41365,1.78,1.8,1.78,1.78,358335200,1.78
41366,1.78,1.8,1.77,1.79,399181300,1.79
41367,1.79,1.81,1.78,1.79,368405200,1.79
41372,1.76,1.78,1.75,1.77,409020500,1.77
41373,1.77,1.8,1.77,1.79,441426400,1.79
41374,1.79,1.79,1.78,1.79,267597600,1.79
41375,1.8,1.81,1.78,1.79,227564600,1.79
41376,1.79,1.79,1.77,1.78,199370000,1.78
41379,1.77,1.78,1.76,1.76,336939500,1.76
41380,1.75,1.77,1.74,1.77,443502800,1.77
41381,1.77,1.77,1.75,1.76,263960300,1.76
41382,1.75,1.77,1.74,1.77,402712900,1.77
41383,1.77,1.84,1.77,1.83,734144200,1.83
41386,1.83,1.83,1.82,1.82,341663800,1.82
41387,1.83,1.83,1.76,1.76,528990000,1.76
41388,1.76,1.81,1.76,1.79,632942500,1.79
41389,1.78,1.8,1.76,1.78,521981400,1.78
41390,1.78,1.79,1.76,1.76,376026300,1.76
41396,1.76,1.77,1.75,1.76,269206700,1.76
41397,1.77,1.82,1.77,1.8,592478300,1.8
41400,1.8,1.83,1.8,1.81,437882200,1.81
41401,1.81,1.82,1.8,1.82,319769200,1.82
41402,1.83,1.85,1.82,1.82,431044100,1.82
41403,1.82,1.83,1.79,1.81,288317000,1.81
41404,1.8,1.82,1.8,1.82,344087300,1.82
41407,1.82,1.82,1.8,1.81,258189900,1.81
41408,1.8,1.81,1.77,1.78,309174700,1.78
41409,1.79,1.79,1.78,1.79,213979800,1.79
41410,1.78,1.82,1.77,1.82,527516700,1.82
41411,1.82,1.85,1.81,1.84,470439100,1.84
41414,1.84,1.88,1.84,1.86,481229700,1.86
41415,1.86,1.86,1.84,1.85,336900000,1.85
41416,1.85,1.86,1.85,1.86,274668800,1.86
41417,1.85,1.86,1.82,1.82,398965100,1.82
41418,1.83,1.85,1.81,1.83,356987500,1.83
41421,1.83,1.84,1.82,1.83,241848100,1.83
41422,1.83,1.87,1.82,1.87,528325400,1.87
41423,1.87,1.88,1.86,1.86,425691900,1.86
41424,1.86,1.87,1.85,1.86,313020500,1.86
41425,1.86,1.87,1.84,1.84,359835600,1.84
41428,1.84,1.86,1.84,1.84,348559100,1.84
41429,1.84,1.85,1.82,1.83,467590900,1.83
41430,1.83,1.83,1.81,1.81,233314100,1.81
41431,1.81,1.81,1.79,1.79,314798700,1.79
41432,1.8,1.8,1.76,1.77,351914300,1.77
41438,1.75,1.75,1.7,1.73,262633300,1.73
41439,1.73,1.73,1.71,1.73,790863500,1.73
41442,1.73,1.73,1.71,1.71,267397000,1.71
41443,1.72,1.73,1.71,1.72,332266500,1.72
41444,1.72,1.72,1.69,1.71,373672500,1.71
41445,1.7,1.7,1.65,1.65,341341400,1.65
41446,1.63,1.66,1.62,1.65,466807400,1.65
41449,1.64,1.64,1.54,1.54,697035700,1.54
41450,1.53,1.55,1.44,1.55,815581800,1.55
41451,1.55,1.55,1.51,1.53,554487000,1.53
41452,1.54,1.56,1.53,1.53,487451000,1.53
41453,1.53,1.59,1.52,1.58,511965100,1.58
41456,1.57,1.58,1.55,1.58,286853900,1.58
41457,1.58,1.58,1.55,1.57,349604600,1.57
41458,1.56,1.56,1.53,1.55,325011700,1.55
41459,1.54,1.58,1.54,1.57,429749300,1.57
41460,1.57,1.59,1.57,1.57,351375400,1.57
41463,1.56,1.57,1.53,1.54,489533400,1.54
41464,1.54,1.55,1.53,1.54,276205100,1.54
41465,1.54,1.59,1.54,1.58,422370300,1.58
41466,1.6,1.71,1.6,1.68,918225600,1.68
41467,1.68,1.68,1.62,1.63,476862800,1.63
41470,1.64,1.68,1.63,1.65,593200300,1.65
41471,1.64,1.65,1.62,1.65,329538700,1.65
41472,1.64,1.66,1.63,1.63,430871600,1.63
41473,1.62,1.63,1.59,1.59,295937000,1.59
41474,1.6,1.6,1.55,1.55,339498200,1.55
41477,1.53,1.56,1.53,1.56,299355900,1.56
41478,1.57,1.62,1.56,1.6,805002000,1.6
41479,1.59,1.6,1.56,1.58,371043800,1.58
41480,1.58,1.6,1.57,1.58,423201000,1.58
41481,1.57,1.58,1.56,1.57,295103700,1.57
41484,1.56,1.56,1.53,1.53,274565300,1.53
41485,1.54,1.58,1.53,1.55,429509800,1.55
41486,1.57,1.59,1.55,1.55,316711200,1.55
41487,1.56,1.6,1.56,1.59,532685200,1.59
41488,1.6,1.61,1.58,1.59,386414100,1.59
41491,1.59,1.6,1.58,1.6,286497400,1.6
41492,1.6,1.62,1.58,1.61,353431700,1.61
41493,1.6,1.62,1.6,1.6,442317600,1.6
41494,1.6,1.61,1.59,1.6,340268300,1.6
41495,1.61,1.61,1.58,1.6,426369200,1.6
41498,1.62,1.66,1.61,1.66,824187400,1.66
41499,1.66,1.67,1.65,1.67,400242800,1.67
41500,1.67,1.7,1.66,1.66,494393100,1.66
41501,1.67,1.68,1.64,1.65,312604700,1.65
41502,1.64,1.75,1.62,1.65,690026500,1.65
41505,1.63,1.67,1.62,1.66,495134200,1.66
41506,1.66,1.68,1.64,1.65,445145800,1.65
41507,1.65,1.66,1.62,1.64,330394100,1.64
41508,1.63,1.66,1.63,1.63,430275600,1.63
41509,1.64,1.65,1.59,1.62,463913400,1.62
41512,1.62,1.66,1.62,1.65,567156500,1.65
41513,1.65,1.66,1.64,1.65,362208000,1.65
41514,1.64,1.66,1.62,1.65,441694600,1.65
41515,1.66,1.66,1.63,1.64,369306700,1.64
41516,1.64,1.65,1.63,1.64,289446000,1.64
41519,1.65,1.65,1.63,1.65,258289700,1.65
41520,1.65,1.67,1.65,1.67,414691800,1.67
41521,1.66,1.67,1.66,1.67,272928600,1.67
41522,1.67,1.67,1.66,1.66,257008300,1.66
41523,1.66,1.68,1.66,1.68,407399100,1.68
41526,1.7,1.78,1.7,1.77,871313900,1.77
41527,1.78,1.8,1.77,1.8,633844100,1.8
41528,1.81,1.83,1.8,1.8,740406900,1.8
41529,1.8,1.86,1.79,1.83,768161400,1.83
41530,1.83,1.84,1.81,1.81,430652000,1.81
41533,1.82,1.83,1.78,1.8,474411400,1.8
41534,1.8,1.81,1.75,1.76,445771200,1.76
41535,1.76,1.76,1.74,1.76,343469800,1.76
41540,1.76,1.77,1.75,1.77,344242800,1.77
41541,1.77,1.77,1.72,1.73,482185600,1.73
41542,1.73,1.74,1.72,1.72,318480100,1.72
41543,1.72,1.72,1.68,1.69,572478800,1.69
41544,1.68,1.7,1.68,1.7,308386100,1.7
41547,1.7,1.71,1.69,1.7,284449100,1.7
41555,1.69,1.72,1.68,1.72,367380200,1.72
41556,1.71,1.73,1.7,1.72,334060100,1.72
41557,1.73,1.73,1.69,1.69,440737600,1.69
41558,1.71,1.73,1.7,1.73,545740800,1.73
41561,1.73,1.73,1.71,1.72,271507500,1.72
41562,1.72,1.72,1.7,1.71,328359400,1.71
41563,1.71,1.71,1.68,1.69,364125900,1.69
41564,1.7,1.7,1.68,1.68,346598400,1.68
41565,1.68,1.7,1.68,1.69,258341100,1.69
41568,1.7,1.72,1.68,1.71,401041400,1.71
41569,1.71,1.71,1.69,1.69,334651400,1.69
41570,1.7,1.72,1.69,1.69,584933600,1.69
41571,1.69,1.7,1.67,1.67,439162400,1.67
41572,1.67,1.69,1.65,1.66,609115500,1.66
41575,1.67,1.67,1.65,1.66,293296300,1.66
41576,1.67,1.71,1.66,1.69,635549700,1.69
41577,1.69,1.71,1.68,1.71,651709300,1.71
41578,1.7,1.7,1.68,1.68,341510500,1.68
41579,1.69,1.71,1.68,1.7,396694100,1.7
41582,1.71,1.72,1.69,1.69,301441700,1.69
41583,1.68,1.7,1.67,1.69,382480000,1.69
41584,1.68,1.68,1.67,1.67,364274000,1.67
41585,1.67,1.67,1.66,1.66,289719600,1.66
41586,1.66,1.67,1.64,1.64,455367400,1.64
41589,1.64,1.65,1.63,1.64,268529600,1.64
41590,1.65,1.66,1.65,1.66,343837800,1.66
41591,1.65,1.65,1.62,1.62,444156700,1.62
41592,1.62,1.63,1.61,1.62,366697400,1.62
41593,1.57,1.62,1.57,1.6,613483300,1.6
41596,1.62,1.68,1.61,1.67,695942200,1.67
41597,1.67,1.67,1.65,1.66,414040100,1.66
41598,1.67,1.67,1.65,1.66,426576500,1.66
41600,1.65,1.65,1.64,1.64,402462100,1.64
