Date,Adj Close
2003-09-29,
2003-09-30,0.005188079081777985
2003-10-01,-0.0005751258246231572
2003-10-02,-0.0015833036772860964
2003-10-03,-0.0072285987739117985
2003-10-06,0.001449906010128288
2003-10-07,-0.0033379321319344513
2003-10-08,0.002468240817514733
2003-10-09,-0.003631877312452403
2003-10-10,0.0055152534577187495
2003-10-13,-0.00435161696278108
2003-10-14,-0.00203725332394189
2003-10-15,-0.002479400380494212
2003-10-16,-0.0026319652567421414
2003-10-17,0.004674270853559648
2003-10-20,-0.0005830903955299505
2003-10-21,0.0020393306412263
2003-10-22,0.004356039993856697
2003-10-23,-0.0024660924951929175
2003-10-24,0.004926118336055829
2003-10-27,-0.0018806515488734021
2003-10-28,0.0039020209925526572
2003-10-29,-0.004481395284542167
2003-10-30,0.0
2003-10-31,-0.001449906010128288
2003-11-03,-0.0018880261218061634
2003-11-04,0.002033111359637907
2003-11-05,0.0
2003-11-06,-0.005528090889237447
2003-11-07,0.0005833455029069512
2003-11-10,0.0018935261647703427
2003-11-11,-0.0017477429441603576
2003-11-12,0.0017477429441603576
2003-11-13,0.00739401701393394
2003-11-14,0.0007219695642453061
2003-11-17,0.0041771756813702154
2003-11-18,-0.00043131335583446173
2003-11-19,-0.004756765725943524
2003-11-20,0.003461708346581105
2003-11-21,0.0011512449105737232
2003-11-24,-0.004324019420992364
2003-11-25,0.004036332422460376
2003-11-26,-0.0037474820449467927
2003-11-28,-0.0014450869566804414
2003-12-01,-0.0027514317553301026
2003-12-02,-0.00029006526671793154
2003-12-03,0.0008699435085404161
2003-12-04,0.0015929335060436145
2003-12-05,0.004907631097049503
2003-12-08,0.0
2003-12-09,-0.005486586099471502
2003-12-10,0.003901457155996546
2003-12-11,0.0034552294669181194
2003-12-12,0.0005747126594970453
2003-12-15,-0.0005747126594970453
2003-12-16,0.0005747126594970453
2003-12-17,0.002438850645767765
2003-12-18,0.001574916210703492
2003-12-19,0.00042909247601130573
2003-12-22,-0.00042909247601130573
2003-12-23,-0.004013766856471257
2003-12-24,0.0008614501609542913
2003-12-26,0.005010389123179415
2003-12-29,-0.002430482288740876
2003-12-30,-0.0018625981457667251
2003-12-31,0.0012898604439710581
2004-01-02,-0.005601450911708383
2004-01-05,0.001151576347212746
2004-01-06,0.004449874564495637
2004-01-07,0.002288985262651977
2004-01-08,-0.00028583678914095856
2004-01-09,0.008256274657505003
2004-01-12,-0.0028392977620699256
2004-01-13,0.002413916685113371
2004-01-14,-0.00014183391272659662
2004-01-15,0.001275781589157532
2004-01-16,-0.0008503401872923533
2004-01-20,-0.000851063881157188
2004-01-21,0.0007092701907387422
2004-01-22,0.0017001987660352214
2004-01-23,-0.0024094689567739636
2004-01-26,-0.003838776307165226
2004-01-27,0.00142348778485335
2004-01-28,-0.00199345075269175
2004-01-29,-0.0024259733624791835
2004-01-30,0.0019982878473712162
2004-02-02,0.0002851439996502947
2004-02-03,0.0027048204973665335
2004-02-04,0.00014215651456161993
2004-02-05,-0.0028469770119281534
2004-02-06,0.004125477079536033
2004-02-09,0.0007095721577785596
2004-02-10,-0.0022724054658578297
2004-02-11,0.003973327208329103
2004-02-12,0.00014161297198445055
2004-02-13,0.004380084713755394
2004-02-17,-0.002399605922410508
2004-02-18,-0.0008482963890577011
2004-02-19,0.0011309020147898252
2004-02-20,-0.0031130632187812424
2004-02-23,0.0026891248248110955
2004-02-24,-0.0008484163404842704
2004-02-25,0.0024019792544631713
2004-02-26,-0.0016949156599910253
2004-02-27,0.0026822914366606554
2004-03-01,0.00042286278732817095
2004-03-02,-0.0033879196719359683
2004-03-03,-0.0011318620336826513
2004-03-04,0.0024036773679778634
2004-03-05,0.007316762626263795
2004-03-08,0.0033589954605597327
2004-03-09,0.001535776916168352
2004-03-10,-0.0012563692585807473
2004-03-11,0.002232455231636621
2004-03-12,-0.0030709125194379183
2004-03-15,0.0002795638821675439
2004-03-16,0.002373142734471756
2004-03-17,-0.0005578800702572551
2004-03-18,-0.0008374040963881058
2004-03-19,-0.0011176307394151763
2004-03-22,0.0026523363074719697
2004-03-23,0.0
2004-03-24,0.0005574913036374696
2004-03-25,-0.0005574913036374696
2004-03-26,-0.003491379847115894
2004-03-29,-0.0018203463683823529
2004-03-30,-0.00393203708404144
2004-03-31,0.004912635327499082
2004-04-01,0.0004199622095732991
2004-04-02,-0.009138903676202403
2004-04-05,-0.006234080830316735
2004-04-06,0.0028384918291788352
2004-04-07,-0.002412204078495961
2004-04-08,0.0005681011372793421
2004-04-12,-0.0002840102262773314
2004-04-13,-0.001705757343227532
2004-04-14,-0.0029920945596781934
2004-04-15,-0.0014279596885939938
2004-04-16,0.002711382324655176
2004-04-19,-0.0012834226360611822
2004-04-20,-0.003287360925165572
2004-04-21,-0.002293250252543011
2004-04-22,0.0035808961848022847
2004-04-23,-0.0020037218669033408
2004-04-26,-0.00028657400969844815
2004-04-27,0.002576214391773135
2004-04-28,-0.004728141195945668
2004-04-29,-0.002876458189273734
2004-04-30,-0.0002881014136892901
2004-05-03,-0.0014417534215995786
2004-05-04,0.0017298548352888687
2004-05-05,-0.0012971105083039447
2004-05-06,-0.0030331502997045234
2004-05-07,-0.008571273510710853
2004-05-10,-0.0014600674224700683
2004-05-11,0.0024808476788074074
2004-05-12,-0.001458576687991986
2004-05-13,-0.00014597474662814136
2004-05-14,0.00014597474662814136
2004-05-17,0.005095737895570274
2004-05-18,0.00043557169472663304
2004-05-19,-0.0015980246009847932
2004-05-20,0.0026136213513172635
2004-05-21,-0.0015964011807731993
2004-05-24,0.0008710801944529223
2004-05-25,-0.00029027576401219335
2004-05-26,0.002464662356741698
2004-05-27,0.004767072949610984
2004-05-28,-0.0034647068006901094
2004-06-01,-0.0011575750098860027
2004-06-02,0.00043424767274302667
2004-06-03,-0.00043424767274302667
2004-06-04,-0.002028986203320926
2004-06-07,0.0008700696604568847
2004-06-08,-0.0023218701477443204
2004-06-09,0.00029052876439106257
2004-06-10,-0.0010172201705440642
2004-06-14,-0.0027662534928900584
2004-06-15,0.00842049110126375
2004-06-16,-0.0020260498971094165
2004-06-17,0.001158245387919088
2004-06-18,0.001445922750468398
2004-06-21,0.0012995453420856506
2004-06-22,-0.00043299416134345847
2004-06-23,-0.0007220738273154836
2004-06-24,0.0037491031657062024
2004-06-25,-0.00028789405697704495
2004-06-28,-0.003316752625993402
2004-06-29,-0.0017348565866308618
2004-06-30,0.007783262122511125
2004-07-01,0.0012913410216910393
2004-07-02,0.006431809494825025
2004-07-06,-0.0007126060302979909
2004-07-07,-0.0005704506714883095
2004-07-08,0.0009980752236531387
2004-07-09,-0.0029972191137961346
2004-07-12,0.0029972191137961346
2004-07-13,-0.0009980752236531387
2004-07-14,0.0005704506714883095
2004-07-15,-0.0018551557229260496
2004-07-16,0.006548998349824586
2004-07-19,-0.0014200513604736287
2004-07-20,-0.0027036658233878796
2004-07-21,-0.002425281165963078
2004-07-22,0.0022827802750908788
2004-07-23,0.002135384112723848
2004-07-26,-0.004561011327561815
2004-07-27,-0.0022883305180121383
2004-07-28,0.001430820103882624
2004-07-29,-0.002290295876601789
2004-07-30,0.007424363057991101
2004-08-02,-0.000284535497722338
2004-08-03,0.0014218685745426285
2004-08-04,0.0021290193266487734
2004-08-05,0.0007086670270357587
2004-08-06,0.006355504762594499
2004-08-09,0.0007036802767323991
2004-08-10,-0.002676623419525015
2004-08-11,0.00070506947854998
2004-08-12,0.0021122305959160315
2004-08-13,0.0019673980488708054
2004-08-16,-0.0012643114699537605
2004-08-17,0.002947577402536261
2004-08-18,-0.003228752717196137
2004-08-19,0.003368897066104992
2004-08-20,-0.002947163735892211
2004-08-23,0.00028105677531797824
2004-08-24,0.00014049877086730334
2004-08-25,0.0
2004-08-26,0.001964912912892025
2004-08-27,0.0007008199880367272
2004-08-30,0.000980323585268117
2004-08-31,0.0
2004-09-01,0.003493331296536617
2004-09-02,-0.003913352303761997
2004-09-03,-0.0005603025780427373
2004-09-07,-0.0001401247112218229
2004-09-08,0.0030782170661254327
2004-09-09,-0.0009784052775749785
2004-09-10,0.002095411816503301
2004-09-13,0.000976358261535637
2004-09-14,0.0011146719838830421
2004-09-15,-0.0005571806802455725
2004-09-16,0.0030606590392308064
2004-09-17,-0.004175952616431111
2004-09-20,0.004175952616431111
2004-09-21,-0.00027785496149856925
2004-09-22,0.0033291749433770335
2004-09-23,-0.003051319981878464
2004-09-24,0.000277777779563948
2004-09-27,-0.000277777779563948
2004-09-28,0.001665510447456775
2004-09-29,-0.005701983323093351
2004-09-30,0.001393728448602971
2004-10-01,-0.0016727073875033582
2004-10-04,0.00027897893890038716
2004-10-05,-0.00013947974079453473
2004-10-06,-0.001815009224261921
2004-10-07,0.0
2004-10-08,0.004879078473884135
2004-10-11,0.0009729655364818512
2004-10-12,-0.0009729655364818512
2004-10-13,0.0013896611463728448
2004-10-14,0.0048486622663190815
2004-10-15,-0.0019366446777828727
2004-10-18,-0.00083114009494345
2004-10-19,0.0005541701444125025
2004-10-20,0.00345662286791093
2004-10-21,-0.0024875634718020123
2004-10-22,0.0023495277203231524
2004-10-25,0.0011037528714377132
2004-10-26,-0.0028999536997904585
2004-10-27,-0.0022151469669804413
2004-10-28,0.0012466238888499959
2004-10-29,0.0026266690985048413
2004-11-01,-0.002211472912344803
2004-11-02,-0.0008305648317996628
2004-11-03,0.0020751200640045653
2004-11-04,-0.000829531362375846
2004-11-05,-0.00249273082960233
2004-11-08,-0.003611616649743965
2004-11-09,0.0022240765353567227
2004-11-10,-0.0011114199532515912
2004-11-11,0.0009725599932979279
2004-11-12,0.001249046030127765
2004-11-15,0.0004160022246777473
2004-11-16,-0.0009709411956340119
2004-11-17,0.00249480378878264
2004-11-18,0.0004151961861600384
2004-11-19,-0.0020777069597732734
2004-11-22,0.001662510773613235
2004-11-23,-0.0006923769576605565
2004-11-24,0.0009691935684248421
2004-11-26,-0.002910403273962636
2004-11-29,-0.0026405407601588493
2004-11-30,0.00041739131040774424
2004-12-01,-0.003762808425493702
2004-12-02,0.001952853180253733
2004-12-03,0.005697229333641474
2004-12-06,0.001107879908359699
2004-12-07,0.0013831260849510585
2004-12-08,0.0034494687532573565
2004-12-09,-0.0013783599701211457
2004-12-10,-0.001380262468957838
2004-12-13,0.0015181839918305684
2004-12-14,0.0009649184014230983
2004-12-15,0.002202037773918697
2004-12-16,-0.003856754091912329
2004-12-17,-0.002487219742903335
2004-12-20,0.001106194803067062
2004-12-21,0.0
2004-12-22,0.0020708228564068065
2004-12-23,0.0005514959466950131
2004-12-27,-0.003866874035306722
2004-12-28,-0.0004151961861600384
2004-12-29,-0.00027689325941793186
2004-12-30,0.0020748330287245764
2004-12-31,0.0012428365888945692
2005-01-03,0.0
2005-01-04,-0.0009665171618813417
2005-01-05,-0.0002763194270132274
2005-01-06,0.0005525625226932007
2005-01-07,-0.0002762430956799733
2005-01-10,-0.0004145077779549311
2005-01-11,0.0013810249398362728
2005-01-12,0.0013791203399504681
2005-01-13,0.0024776337519618608
2005-01-14,-0.0035807778241192523
2005-01-18,0.0026179828938204253
2005-01-19,0.001512547555469368
2005-01-20,0.0012358394981770715
2005-01-21,0.0005487721361481235
2005-01-24,0.00013714599212288903
2005-01-25,-0.0016469946078219166
2005-01-26,-0.0005496015527182152
2005-01-27,-0.0013753268568663657
2005-01-28,0.0034347770252836085
2005-01-31,-0.0012351610710519267
2005-02-01,0.0010979962673252075
2005-02-02,0.000685635954182473
2005-02-03,-0.0009600220170922213
2005-02-04,0.003971247944235756
2005-02-07,0.00013665869512280437
2005-02-08,0.0005464481010291067
2005-02-09,0.0027277703765982153
2005-02-10,-0.0051891417819751595
2005-02-11,0.001368176434521473
2005-02-14,0.00027341080143017393
2005-02-15,-0.001915447295174566
2005-02-16,-0.0012332992313481839
2005-02-17,-0.0004114379815298719
2005-02-18,0.00027431079584960827
2005-02-22,-0.0028840231484963397
2005-02-23,0.0005499793896364125
2005-02-24,-0.0009626625236318631
2005-02-25,0.0008251960308731654
2005-02-28,-0.002615460228646782
2005-03-01,-0.0006894174695677435
2005-03-02,-0.001380262468957838
2005-03-03,0.0008283860752600347
2005-03-04,0.002893959161613502
2005-03-07,0.0002751788679997702
2005-03-08,-0.0022035541212233056
2005-03-09,-0.006084930958834001
2005-03-10,-0.001249219400431656
2005-03-11,0.0008329863038918361
2005-03-14,-0.0004164064186760186
2005-03-15,0.0002776235442603081
2005-03-16,0.0006937218453719751
2005-03-17,-0.0002774309908213368
2005-03-18,-0.0006939143988109464
2005-03-21,0.0
2005-03-22,-0.005429121708759865
2005-03-23,0.0012554929458321595
2005-03-24,0.0006968155811177823
2005-03-28,-0.0020919050931009764
2005-03-29,-0.0005585812182662409
2005-03-30,0.003068342714132477
2005-03-31,0.00041768187171786764
2005-04-01,0.00582930172554974
2005-04-04,-0.0011077265048511364
2005-04-05,-0.0019414789068878946
2005-04-06,0.0024954955415568136
2005-04-07,-0.0011083403739187148
2005-04-08,0.0
2005-04-11,0.001800429819496685
2005-04-12,0.002763577826300434
2005-04-13,0.0013789301688555966
2005-04-14,0.0009641210029922576
2005-04-15,0.0034357211010833666
2005-04-18,-0.0010981469875019911
2005-04-19,0.0012353306079928572
2005-04-20,0.000685635954182473
2005-04-21,-0.0024704926097998126
2005-04-22,0.002059167451466948
2005-04-25,-0.00041149441634047434
2005-04-26,-0.0024725287321558653
2005-04-27,0.004117491406028684
2005-04-28,0.0025990028992719516
2005-04-29,-0.0016406894574600983
2005-05-02,0.0
2005-05-03,-0.0006844158777878917
2005-05-04,0.0010948406732058658
2005-05-05,0.000683667217440842
2005-05-06,-0.003697368128543488
2005-05-09,-0.0008234971642977484
2005-05-10,0.0010978455885153338
2005-05-11,0.0016445118136791947
2005-05-12,0.00232510533524799
2005-05-13,0.001092299398608887
2005-05-16,-0.001502219469936783
2005-05-17,0.0010927470012385143
2005-05-18,0.0027266547227098314
2005-05-19,-0.002453654448014042
2005-05-20,-0.0012290885808114993
2005-05-23,0.0034104118724576082
2005-05-24,0.0016328755839278841
2005-05-25,-0.00013597117432073702
2005-05-26,-0.00013598966499461795
2005-05-27,-0.0006802258612061962
2005-05-31,0.002718131600126128
2005-06-01,0.007436989182404652
2005-06-02,-0.0006738090680107334
2005-06-03,-0.002564623123985754
2005-06-06,0.000270270271915507
2005-06-07,0.002563930963959571
2005-06-08,-0.001888574687868072
2005-06-09,0.0
2005-06-10,-0.003923430589255261
2005-06-13,-0.000949345700919757
2005-06-14,-0.0012219131246764547
2005-06-15,-0.0005435521264418597
2005-06-16,0.002985887126102149
2005-06-17,0.0
2005-06-20,-0.0023064931194003435
2005-06-21,0.004201971618133626
2005-06-22,0.004184388908936576
2005-06-23,-0.000943332729478108
2005-06-24,0.001616597415248222
2005-06-27,0.0006728117053906857
2005-06-28,-0.0028288562004776807
2005-06-29,-0.0005397382400627038
2005-06-30,0.003234068308636928
2005-07-01,-0.003639063251736019
2005-07-05,-0.0036523544151911835
2005-07-06,0.0016249157265200154
2005-07-07,0.0012169564073749584
2005-07-08,-0.0016229378731313915
2005-07-11,0.0
2005-07-12,-0.0004061463536499943
2005-07-13,-0.001355013757459389
2005-07-14,0.0
2005-07-15,0.00040669694860007155
2005-07-18,-0.0017635492598904179
2005-07-19,0.000542961870269032
2005-07-20,0.0016271190030527904
2005-07-21,-0.005161652318442123
2005-07-22,0.001496904409607147
2005-07-25,0.0
2005-07-26,0.001087252077748957
2005-07-27,-0.0006793940067018056
2005-07-28,0.002985887126102149
2005-07-29,-0.0031218213341546175
2005-08-01,-0.0005439216886893306
2005-08-02,-0.0021786500992222457
2005-08-03,0.0032661977866217384
2005-08-04,-0.0010875476873994927
2005-08-05,-0.004908654524766298
2005-08-08,-0.000136696056531882
2005-08-09,0.0017755928997420511
2005-08-10,0.00013645357188352136
2005-08-11,0.002589086409166441
2005-08-12,0.002853844431982999
2005-08-15,-0.0008145533982828468
2005-08-16,0.002306180225801313
2005-08-17,-0.0020345886977874983
2005-08-18,0.0027118660687497353
2005-08-19,-0.0009483168088593175
2005-08-22,0.0008128980260675434
2005-08-23,0.0006769106059589802
2005-08-24,0.0013524481369033836
2005-08-25,0.0
2005-08-26,-0.0008112493684508948
2005-08-29,0.00040570694991526324
2005-08-30,0.002430791203662075
2005-08-31,0.0039038886492335223
2005-09-01,0.0013426425217835103
2005-09-02,-0.0005368407054175961
2005-09-06,-0.0018812152820215644
2005-09-07,-0.0016152917767078279
2005-09-08,-0.00013472549700477288
2005-09-09,-0.0002695054591166368
2005-09-12,-0.0014835797447689814
2005-09-13,0.002561166055939701
2005-09-14,-0.0010775863111707196
2005-09-15,-0.002563930963959571
2005-09-16,-0.0021642102319860967
2005-09-19,0.0008121278194064274
2005-09-20,-0.0006767273723777834
2005-09-21,0.002299007030589273
2005-09-22,0.0008101539735587693
2005-09-23,-0.001756163909641728
2005-09-26,-0.0024367143503942756
2005-09-27,-0.000677920166970658
2005-09-28,0.0027089275674496704
2005-09-29,-0.0021665546727973606
2005-09-30,-0.0005423728946523099
2005-10-03,-0.003396511654633727
2005-10-04,0.0013599893297033816
2005-10-05,0.0016295495186628983
2005-10-06,-0.0006786562866523127
2005-10-07,-0.0009508932320105856
2005-10-10,0.0012224110180936165
2005-10-11,-0.002990758074835398
2005-10-12,-0.0004085245511982194
2005-10-13,-0.0025912049957099725
2005-10-14,-0.0002731494144274649
2005-10-17,0.0016377784471570678
2005-10-18,-0.00040919321310273205
2005-10-19,0.001771962570913388
2005-10-20,0.00027233115636793315
2005-10-21,0.002311825330988171
2005-10-24,-0.0020395683186889
2005-10-25,-0.002998911735009102
2005-10-26,-0.003966902131100625
2005-10-27,0.0021905813798186458
2005-10-28,-0.0015055090779005909
2005-10-31,-0.0001369769196033488
2005-11-01,0.0004108744836273104
2005-11-02,-0.0009589698659420165
2005-11-03,-0.003432419104110629
2005-11-04,0.0009622655220482557
2005-11-07,0.00013739094615239367
2005-11-08,0.003428653156547057
2005-11-09,-0.0026047036454999173
2005-11-10,0.0035626236640107223
2005-11-11,0.0009570032858370325
2005-11-14,-0.0034220825949189404
2005-11-15,0.0013702386358760421
2005-11-16,0.00232510533524799
2005-11-17,0.00027318672482401496
2005-11-18,-0.00040980807895429905
2005-11-21,0.0032737718503828006
2005-11-22,0.002584156487356104
2005-11-23,-0.0006793940067018056
2005-11-25,0.0008152174364521869
2005-11-28,-0.0013590651724939562
2005-11-29,-0.0013609147446125291
2005-11-30,-0.002181323291646109
2005-12-01,-0.0013657472759343037
2005-12-02,0.0
2005-12-05,0.000546522762612689
2005-12-06,0.0016377784471570678
2005-12-07,-0.0012280822993986362
2005-12-08,0.00503916626430545
2005-12-09,-0.0034020581224059043
2005-12-12,-0.0020468042896579774
2005-12-13,0.003817318882228804
2005-12-14,0.0025820494062713806
2005-12-15,-0.0009505058764363028
2005-12-16,-0.0001358603357841659
2005-12-19,0.0008148852820886177
2005-12-20,0.00027148093013185104
2005-12-21,0.0
2005-12-22,0.0023046170303375746
2005-12-23,0.0025694787279082476
2005-12-27,0.0025628934241588297
2005-12-28,-0.003508775529679653
2005-12-29,0.000675721358233794
2005-12-30,0.00121514900525721
2006-01-03,0.00040472175931860477
2006-01-04,0.0024248967829967327
2006-01-05,0.0
2006-01-06,-0.002290025921641181
2006-01-09,0.0010783125455144926
2006-01-10,-0.002022790791532003
2006-01-11,-0.0006751738829171572
2006-01-12,0.0025632391774443875
2006-01-13,0.002825430739368251
2006-01-17,0.0005372733507345018
2006-01-18,0.0010736814881937562
2006-01-19,-0.0014766094366978066
2006-01-20,0.0005372011947617494
2006-01-23,0.0
2006-01-24,-0.0016124701155684207
2006-01-25,-0.0025584071047761725
2006-01-26,-0.003105802239980804
2006-01-27,0.0013515341968108885
2006-01-30,0.00013505300851068824
2006-01-31,0.00013503477165865974
2006-02-01,-0.0028395665080775956
2006-02-02,0.0008121278194064274
2006-02-03,0.002702339166472001
2006-02-06,-0.0001349436612256838
2006-02-07,-0.0006749915882338087
2006-02-08,-0.0005403215044328391
2006-02-09,0.0005403215044328391
2006-02-10,-0.002027712759651301
2006-02-13,0.0006763612026521315
2006-02-14,-0.0016240360857340264
2006-02-15,0.0010829837257206876
2006-02-16,-0.0009475466021982015
2006-02-17,0.004054607527988807
2006-02-21,-0.003648406181939734
2006-02-22,0.004052964207820864
2006-02-23,-0.0006743543313074696
2006-02-24,0.0008091706442856506
2006-02-27,-0.002024155606438427
2006-02-28,0.002024155606438427
2006-03-01,0.0
2006-03-02,-0.002429478857274958
2006-03-03,-0.0020290842267813858
2006-03-06,-0.005567262665153727
2006-03-07,0.002583805068390177
2006-03-08,0.00040735963629412453
2006-03-09,-0.0012225770727463114
2006-03-10,0.0004076917906576938
2006-03-13,0.0017647462667280678
2006-03-14,0.0032498335982174
2006-03-15,-0.00270746070356509
2006-03-16,0.004328425532354352
2006-03-17,-0.0022971430951370664
2006-03-20,-0.00040592653287241376
2006-03-21,-0.0025747016052646288
2006-03-22,0.0017623538757831625
2006-03-23,-0.0008130081748634055
2006-03-24,0.0017606830579453003
2006-03-27,0.0008115785647673235
2006-03-28,-0.002572261622712624
2006-03-29,-0.0018995935155858845
2006-03-30,-0.004628377442866594
2006-03-31,0.0034053019353672553
2006-04-03,-0.0010884354816047548
2006-04-04,0.0013603593445994377
2006-04-05,0.000679486334494328
2006-04-06,-0.000815439023168274
2006-04-07,-0.0032684218119509723
2006-04-10,-0.000955305429186204
2006-04-11,0.0020459667506615986
2006-04-12,-0.0009542635854664638
2006-04-13,-0.0020479220755662553
2006-04-17,0.0016386730418203044
2006-04-18,-0.0006824541314491839
2006-04-19,0.000955305429186204
2006-04-20,-0.0015016042682294284
2006-04-21,-0.0001366213541302841
2006-04-24,0.003682240778385193
2006-04-25,-0.003272432699430894
2006-04-26,-0.0017770491997897153
2006-04-27,0.0023231988583676255
2006-04-28,0.0023178141128505914
2006-05-01,-0.003957158742283973
2006-05-02,0.000956610937316249
2006-05-03,-0.0006832001358860751
2006-05-04,-0.0005468963767700785
2006-05-05,0.001912830204773286
2006-05-08,0.0006822678848275032
2006-05-09,-0.0005457770636230208
2006-05-10,-0.0010924485587366917
2006-05-11,-0.0005466721470028801
2006-05-12,-0.002189682002592619
2006-05-15,0.0005478701684777931
2006-05-16,0.004917370924952813
2006-05-17,-0.0028655269659099147
2006-05-18,0.004227182949718689
2006-05-19,-0.0001360821938547474
2006-05-22,0.0001360821938547474
2006-05-23,-0.0027251686030211886
2006-05-24,0.0001364349548467203
2006-05-25,0.0
2006-05-26,0.004220277178009546
2006-05-30,-0.002175983450728225
2006-05-31,-0.0023171822540115627
2006-06-01,-0.000819112673784872
2006-06-02,0.007754613378184949
2006-06-05,-0.0032577740228285634
2006-06-06,0.0025799457585513608
2006-06-07,-0.003123941420001941
2006-06-08,0.0033951278623423065
2006-06-09,0.0013548301760790693
2006-06-12,-0.002983053059540275
2006-06-13,0.002847652612511631
2006-06-14,-0.003798675033215737
2006-06-15,-0.0016324313242863653
2006-06-16,-0.0006809669994165546
2006-06-19,-0.0025919119619191022
2006-06-20,0.0005462242386258254
2006-06-21,0.0004094724686982687
2006-06-22,-0.004376374599798893
2006-06-23,0.0005480953823147061
2006-06-26,-0.0028808580182246857
2006-06-27,0.002743862333374203
2006-06-28,-0.0009594956530785126
2006-06-29,0.0034225510854763996
2006-06-30,-0.00013667737327338614
2006-07-03,0.0016388968432101692
2006-07-05,-0.0030066989987389547
2006-07-06,0.0008209057787587071
2006-07-07,0.003822008474575256
2006-07-10,0.0008171047710510138
2006-07-11,0.0016322092851073222
2006-07-12,0.0006793017039967708
2006-07-13,0.0008145533982828468
2006-07-14,0.0013561162913671154
2006-07-17,-0.002170669689649962
2006-07-18,-0.0006793017039967708
2006-07-19,0.003798159747788965
2006-07-20,0.001082544084068715
2006-07-21,-0.000676452707930153
2006-07-24,0.0016227184088188906
2006-07-25,-0.0008110300525663305
2006-07-26,0.0005407597806508235
2006-07-27,0.0016205270258078386
2006-07-28,0.0021566257179381765
2006-07-31,-0.0012125296197602609
2006-08-01,0.0024235907917979915
2006-08-02,0.0004033613500071809
2006-08-03,0.00026881720591909186
2006-08-04,0.0030862151299189122
2006-08-07,0.00013396744611071654
2006-08-08,0.0
2006-08-09,0.0008034280025110974
2006-08-10,-0.0005355469400996071
2006-08-11,-0.0017425109964976926
2006-08-14,-0.0010738256065421226
2006-08-15,0.0024144880945176084
2006-08-16,0.0033438137221875053
2006-08-17,0.00013352026189838995
2006-08-18,0.0006673340254321758
2006-08-21,0.0023987218324625914
2006-08-22,0.00026616981791427463
2006-08-23,-0.0003992812989759287
2006-08-24,-0.00013312920208718992
2006-08-25,0.0010645376920157545
2006-08-28,-0.0009314084899285646
2006-08-29,0.0003992812989759287
2006-08-30,0.0014626689663082004
2006-08-31,0.0013278451028160276
2006-09-01,0.00013268758727136287
2006-09-05,-0.0011948225782543176
2006-09-06,0.0001328285849062638
2006-09-07,-0.00026567481558981143
2006-09-08,0.0013276688089378652
2006-09-11,-0.0006636140664273427
2006-09-12,0.002386952466027381
2006-09-13,0.0007943863783301808
2006-09-14,-0.0014568574194511186
2006-09-15,-0.0002651113483187473
2006-09-18,-0.00013258203532817703
2006-09-19,0.002251507473874703
2006-09-20,0.001057781402344915
2006-09-21,0.00435155957990041
2006-09-22,0.0006576784189711304
2006-09-25,0.001970443987298509
2006-09-26,-0.0001312422076820141
2006-09-27,-0.0003938300018084817
2006-09-28,0.00026257056734824147
2006-09-29,-0.000787918622509487
2006-10-02,0.0009191780569697272
2006-10-03,-0.00013125943446024024
2006-10-04,0.003930307692687762
2006-10-05,-0.003143009397200025
2006-10-06,-0.003679373401861419
2006-10-09,0.0021041564838641946
2006-10-10,-0.003948932339760347
2006-10-11,-0.0010556876145395577
2006-10-12,0.0009237875945631302
2006-10-13,-0.0025094116054251714
2006-10-16,0.0015856240108620412
2006-10-17,0.0015831137871034073
2006-10-18,0.0011856927810294238
2006-10-19,-0.0005268010131054268
2006-10-20,-0.00026350461285495896
2006-10-23,-0.002903142709390849
2006-10-24,0.0010566636830482423
2006-10-25,0.0023734188356634434
2006-10-26,0.00341835725977635
2006-10-27,0.0020978111797225196
2006-10-30,0.00013096719290572878
2006-10-31,0.0036601348050577798
2006-11-01,0.001825055910046558
2006-11-02,-0.0011728677958835476
2006-11-03,-0.005229453674629347
2006-11-06,0.0
2006-11-07,0.002487400641007831
2006-11-08,0.0027420530336215165
2006-11-09,0.0002607561944367731
2006-11-10,0.0022136866908324393
2006-11-13,-0.001171341319584407
2006-11-14,0.0014314531691459464
2006-11-15,-0.0019524900442915438
2006-11-16,-0.0009124682898633552
2006-11-17,0.0026048464845933594
2006-11-20,0.0007801326621121873
2006-11-21,0.0012988701657210555
2006-11-22,0.001297185290211722
2006-11-24,0.00038882768942993806
2006-11-27,-0.0005184705236036535
2006-11-28,0.002718976233242465
2006-11-29,-0.001552795343060076
2006-11-30,0.0031031832505155066
2006-12-01,0.0018057531025670315
2006-12-04,0.001030396793896493
2006-12-05,-0.0006438735654805683
2006-12-06,-0.000773195914808511
2006-12-07,-0.0009028181434791449
2006-12-08,-0.002066650180150731
2006-12-11,-0.00012930755820672601
2006-12-12,0.0027119536218389584
2006-12-13,-0.003099976649406422
2006-12-14,-0.0012944985626459626
2006-12-15,-0.0002591009212578044
2006-12-18,0.0006476264717001357
2006-12-19,0.0006472073230900932
2006-12-20,-0.0003882741264078504
2006-12-21,0.0019398648178263755
2006-12-22,-0.0009048019747375236
2006-12-26,-0.00025866528856077764
2006-12-27,-0.0027200327630998444
2006-12-28,-0.001297858715599176
2006-12-29,-0.000129878563726038
2007-01-03,0.0022056447475700125
2007-01-04,0.0020714663026017988
2007-01-05,-0.0007762971019946718
2007-01-08,0.0006469560942479191
2007-01-09,0.0
2007-01-10,-0.0011648224962925724
2007-01-11,-0.0018146472899251975
2007-01-12,-0.0014281079999394208
2007-01-16,0.001298364243675465
2007-01-17,-0.0006489714031383542
2007-01-18,0.0014271815591451187
2007-01-19,-0.00038902937662488313
2007-01-22,0.0005186722107985986
2007-01-23,-0.0019464094901238127
2007-01-24,-0.0002598077437321322
2007-01-25,-0.001300052185185585
2007-01-26,-0.00013009822434284501
2007-01-29,-0.0013019139971985894
2007-01-30,0.0015620935225379995
2007-01-31,0.0007801326621121873
2007-02-01,0.0005197505314509243
2007-02-02,0.00142792261557112
2007-02-05,0.0015554118495533231
2007-02-06,0.0019408688243141015
2007-02-07,0.0011627157178386582
2007-02-08,0.0006453694964241308
2007-02-09,-0.002325282019171482
2007-02-12,-0.0010351967798163386
2007-02-13,0.0
2007-02-14,0.0037475006705545155
2007-02-15,0.0014178000699418547
2007-02-16,0.0006437906615195388
2007-02-20,0.0005147342797986454
2007-02-21,-0.0001286587328888089
2007-02-22,-0.0019318700064587802
2007-02-23,0.002446405649402905
2007-02-26,0.0021838277032859565
2007-02-27,0.003970037871092735
2007-02-28,-0.0006392635901395494
2007-03-01,-0.00012790177161381422
2007-03-02,0.0020444678728761545
2007-03-05,-0.000638447317862223
2007-03-06,-0.0006388551932605679
2007-03-07,0.0007665772701956897
2007-03-08,-0.0008943972997688121
2007-03-09,-0.0028161820967671503
2007-03-12,0.0030718058200411846
2007-03-13,0.0026801113611432115
2007-03-14,-0.0012753477050662099
2007-03-15,-0.0010214505484649194
2007-03-16,0.00012773839194757386
2007-03-19,-0.0007666752228336904
2007-03-20,0.0010221030658570385
2007-03-21,0.001276161479984772
2007-03-22,-0.0019148534605646361
2007-03-23,-0.0014065599147805585
2007-03-26,-0.0005119672452797985
2007-03-27,0.00012801638627202294
2007-03-28,0.0005119017260497571
2007-03-29,-0.0015364919796168053
2007-03-30,0.0
2007-04-02,0.001280573872013413
2007-04-03,-0.0010243278744548334
2007-04-04,0.0011522951150162442
2007-04-05,-0.0008961147626482813
2007-04-09,-0.003849613377235883
2007-04-10,0.001541624149100862
2007-04-11,-0.0006420545966951963
2007-04-12,0.0011554016305561632
2007-04-13,-0.0015408323541556967
2007-04-16,0.0019256697651011123
2007-04-17,0.0029455102297566427
2007-04-18,0.001533350670989364
2007-04-19,-0.00038311730243201225
2007-04-20,-0.000511051499559656
2007-04-23,0.0010218419588845506
2007-04-24,0.00038292169719245095
2007-04-25,0.0005103342800225619
2007-04-26,-0.0019150979360995635
2007-04-27,-0.0002556237232740344
2007-04-30,0.003445419091374191
2007-05-01,-0.0006371456093212657
2007-05-02,0.00038233607806592573
2007-05-03,-0.0011474470564767358
2007-05-04,0.0012748599380909553
2007-05-07,0.0010187190490080766
2007-05-08,-0.0011461319306222961
2007-05-09,-0.0011474470564767358
2007-05-10,0.0016570012076293494
2007-05-11,-0.001912168343487508
2007-05-14,0.00012759170671206022
2007-05-15,-0.00038282396945543695
2007-05-16,0.00025523226274337674
2007-05-17,-0.0017879953677839566
2007-05-18,-0.002944379007397302
2007-05-21,0.0020491810449358994
2007-05-22,-0.0020491810449358994
2007-05-23,-0.0007695267790284177
2007-05-24,0.00038483741094541557
2007-05-25,-0.0005131494660393088
2007-05-29,-0.0008986456731596704
2007-05-30,0.0011552533214755911
2007-05-31,-0.0021832667761838565
2007-06-01,-0.0010290713539999885
2007-06-04,0.0011576308450811368
2007-06-05,-0.0028321337159020743
2007-06-06,0.00038667268639258623
2007-06-07,-0.006853327399271691
2007-06-08,-0.001298364243675465
2007-06-11,0.0007792208186483407
2007-06-12,-0.005989601239842379
2007-06-13,0.0015659666517358062
2007-06-14,0.0019540161235882536
2007-06-15,0.0035076359445129768
2007-06-18,0.000777806624642885
2007-06-19,0.0031051907471102425
2007-06-20,-0.0029756151071493875
2007-06-21,-0.0012965125633073171
2007-06-22,0.002332513691969851
2007-06-25,0.0009056213828086968
2007-06-26,-0.0011645210606303635
2007-06-27,0.0019401157220544363
2007-06-28,-0.0007755946614240727
2007-06-29,0.0019378599178514477
2007-07-02,0.0027067104235340977
2007-07-03,-0.0011591217731563574
2007-07-05,-0.00413223728491019
2007-07-06,-0.001813237124181022
2007-07-09,0.001813237124181022
2007-07-10,0.004261094961784728
2007-07-11,-0.002192841897725728
2007-07-12,-0.0010335918232833308
2007-07-13,0.0011627157178386582
2007-07-16,0.0020637180031704006
2007-07-17,-0.0018055202222369005
2007-07-18,0.002578317787745199
2007-07-19,0.0
2007-07-20,0.0023148158484511683
2007-07-23,-0.000642467095660848
2007-07-24,0.0020544434550133772
2007-07-25,-0.0006415602965930134
2007-07-26,0.00358744779365594
2007-07-27,-0.0010236725142167558
2007-07-30,-0.0005122294900061775
2007-07-31,0.0031971380900550628
2007-08-01,-0.0024288922136017632
2007-08-02,-0.0005120983340693996
2007-08-03,0.004471993653561768
2007-08-06,-0.001658692565299269
2007-08-07,-0.0007664793425830041
2007-08-08,-0.001150821685735437
2007-08-09,0.001150821685735437
2007-08-10,-0.003328216077856716
2007-08-13,0.001793492666246621
2007-08-14,0.0028118627933766405
2007-08-15,0.0012755103770123455
2007-08-16,-0.0006375518226793275
2007-08-17,0.002293286773951131
2007-08-20,-0.0008912089201498219
2007-08-21,0.004574922199735987
2007-08-22,-0.0007610350443414404
2007-08-23,0.0011413354862703784
2007-08-24,-0.0024110156974703756
2007-08-27,0.002917858080342839
2007-08-28,0.004045517527587528
2007-08-29,-0.002020712988680451
2007-08-30,0.002146872075456052
2007-08-31,0.0006305568025304353
2007-09-04,-0.0011352886744440127
2007-09-05,0.0031504027064652718
2007-09-06,-0.0001258257315281952
2007-09-07,0.006146917680111663
2007-09-10,0.0023733694233625258
2007-09-11,-0.0017482521935292539
2007-09-12,-0.0013757740898041604
2007-09-13,-0.0028827493799541415
2007-09-14,0.0006273919523192006
2007-09-17,0.0005016303089888652
2007-09-18,0.002004008686715686
2007-09-19,-0.00012513295392668766
2007-09-20,-0.007158586300187508
2007-09-21,0.0028947223032593783
2007-09-24,0.00012566760933907517
2007-09-25,0.0007536741972131722
2007-09-26,-0.0010050252102242752
2007-09-27,0.001758131810397856
2007-09-28,0.0015045138244182965
2007-10-01,-0.0033883448367921787
2007-10-02,0.003764119877225802
2007-10-03,0.0005008138329296585
2007-10-04,-0.00037558685887528753
2007-10-05,-0.007920086657924763
2007-10-08,0.007794859683870392
2007-10-09,-0.0020057672513642544
2007-10-10,0.0012540759105323929
2007-10-11,0.0007516913408318615
2007-10-12,-0.0020057672513642544
2007-10-15,0.0003763879349367727
2007-10-16,0.0016293793164274817
2007-10-17,0.003375636136595972
2007-10-18,0.002866581385903899
2007-10-19,0.004594283861832693
2007-10-22,-0.00024780076945063456
2007-10-23,-0.00037181632702054657
2007-10-24,0.004329278825661476
2007-10-25,-0.0024715781242168333
2007-10-26,-0.000990344225532347
2007-10-29,0.0
2007-10-30,0.00136147059832048
2007-10-31,-0.002848828334095721
2007-11-01,0.002477701961307588
2007-11-02,0.0011129661694209148
2007-11-05,-0.000865533284327924
2007-11-06,-0.0013616391284960727
2007-11-07,0.00024770869584145316
2007-11-08,0.0009902216429873434
2007-11-09,0.003458074336500694
2007-11-12,-0.0013571034098145418
2007-11-13,0.00012344916996109845
2007-11-14,-0.00037039323838516935
2007-11-15,0.004189778156130863
2007-11-16,-0.0006150439950323161
2007-11-19,0.002089608037098678
2007-11-20,-0.002089608037098678
2007-11-21,0.007599938516983151
2007-11-23,-0.005142028959546074
2007-11-26,0.00916372714718161
2007-11-27,-0.004143820676643983
2007-11-28,-0.002445586936677735
2007-11-29,0.002811909671099677
2007-11-30,0.0020732978949489222
2007-12-03,0.005225116693792664
2007-12-04,-0.0037641960541172637
2007-12-05,-0.0019483688579544634
2007-12-06,-0.0010976280143415451
2007-12-07,-0.005628991857710375
2007-12-10,-0.0020883245719822696
2007-12-11,0.004906781189275122
2007-12-12,-0.00097943200777717
2007-12-13,-0.003927349181497952
2007-12-14,-0.0027090276387786716
2007-12-17,0.001478561136784684
2007-12-18,0.0052802971583219005
2007-12-19,0.002079893084778739
2007-12-20,-0.0009782343651210113
2007-12-21,-0.0042910627971810555
2007-12-24,0.00024570024693559844
2007-12-26,-0.0030756006282723902
2007-12-27,0.005529288523537623
2007-12-28,0.0053770140549485035
2007-12-31,0.0002437241055206485
2008-01-02,0.004740785637133094
2008-01-03,0.002664407534814117
2008-01-04,0.0020540090590044358
2008-01-07,0.0012062727638815218
2008-01-08,0.0026486892441424104
2008-01-09,-0.0024076092044023056
2008-01-10,-0.002051035284980074
2008-01-11,0.004338401598598551
2008-01-14,0.0007212405649825726
2008-01-15,0.0035984205795340785
2008-01-16,-0.002997783886600658
2008-01-17,0.005986607917989772
2008-01-18,-0.00011938160343660797
2008-01-22,0.001550850295921613
2008-01-23,-0.0029845422977698988
2008-01-24,-0.0025139176464499258
2008-01-25,0.001676647099361439
2008-01-28,0.001912732202995926
2008-01-29,-0.0031100503536949375
2008-01-30,0.0015562342280102115
2008-01-31,0.004416072104816315
2008-02-01,-0.0010723861617529806
2008-02-04,-0.0005962673839530197
2008-02-05,0.003215628329136244
2008-02-06,-0.0008326890387753139
2008-02-07,-0.008845383992877487
2008-02-08,0.004791002097532804
2008-02-11,0.0021484849515376325
2008-02-12,-0.0004770423465538798
2008-02-13,-0.005862312655458446
2008-02-14,-0.0031246269863958176
2008-02-15,-0.0004815795903336806
2008-02-19,-0.0048285946061952245
2008-02-20,-0.001574326695131134
2008-02-21,0.008087436198513487
2008-02-22,-0.0053037732814997796
2008-02-25,-0.003511112027657859
2008-02-26,0.00483969486696445
2008-02-27,0.0020497987523206973
2008-02-28,0.006004581509436058
2008-02-29,0.003704814515437249
2008-03-03,-0.00011929615284067552
2008-03-04,-0.004304167333518905
2008-03-05,-0.006370596700294051
2008-03-06,-0.001448051417503926
2008-03-07,0.00301441115699852
2008-03-10,0.005283393654202939
2008-03-11,-0.006126513246453413
2008-03-12,0.010190101962375131
2008-03-13,-0.004303138363731307
2008-03-14,0.004303138363731307
2008-03-17,0.004284700675549757
2008-03-18,-0.0023781224049681526
2008-03-19,0.002971770389157413
2008-03-20,0.003554506112118716
2008-03-24,-0.007359957249852833
2008-03-25,0.0017856084739591438
2008-03-26,-0.0028585059959640446
2008-03-27,0.0003577604235882603
2008-03-28,0.0023818041508851806
2008-03-31,-0.001547527241759994
2008-04-01,-0.0068137254829228056
2008-04-02,0.00047967383099756233
2008-04-03,0.003231794063093041
2008-04-04,0.00500656666228938
2008-04-07,-0.00011891313409595483
2008-04-08,0.0
2008-04-09,0.0043903956609909756
2008-04-10,-0.0032019001562249017
2008-04-11,0.0021357388279632517
2008-04-14,-0.0011859583932736228
2008-04-15,-0.005354287287336668
2008-04-16,-0.0035855183625965736
2008-04-17,-0.00023949227751884905
2008-04-18,0.002631265720989262
2008-04-21,0.00011943863854124714
2008-04-22,0.001551405526275751
2008-04-23,-0.0010737935768982965
2008-04-24,-0.0037074730023114455
2008-04-25,-0.0009590027107559962
2008-04-28,0.002515423258413918
2008-04-29,0.0014345489609004503
2008-04-30,0.006073978061817087
2008-05-01,-0.0017826375865768185
2008-05-02,-0.00166666705246854
2008-05-05,0.00047647410073548
2008-05-06,-0.0032206147000426455
2008-05-07,0.0027441405993071655
2008-05-08,0.002617802542077996
2008-05-09,0.0003564427056099717
2008-05-12,-0.0017834854022975577
2008-05-13,-0.005608941251762367
2008-05-14,0.001435063628248301
2008-05-15,0.005244350517886076
2008-05-16,-0.0023803867464575745
2008-05-19,0.0016668654889295809
2008-05-20,0.002139038248748726
2008-05-21,-0.0014255169912207322
2008-05-22,-0.0059616249060798765
2008-05-23,0.0038195319770260028
2008-05-27,-0.005614972042799593
2008-05-28,-0.004562928185755766
2008-05-29,-0.0027719210276337947
2008-05-30,0.003493768989680568
2008-06-02,0.003721269524469939
2008-06-03,0.0019152507650126438
2008-06-04,-0.0035941095356477604
2008-06-05,-0.0037275339258275864
2008-06-06,0.0056459997420565955
2008-06-09,-0.00504384400639335
2008-06-10,-0.00531145623398821
2008-06-11,0.0013305112334727198
2008-06-12,-0.006305344038049832
2008-06-13,-0.002435758115721498
2008-06-16,0.0010968254100625074
2008-06-17,0.0034046725495517904
2008-06-18,0.004239604194157032
2008-06-19,-0.00521118551906774
2008-06-20,0.003033062683113208
2008-06-23,-0.0013334143438790136
2008-06-24,0.0020599825521561144
2008-06-25,0.00048408569261937373
2008-06-26,0.0013300286103090642
2008-06-27,0.0024137110439292897
2008-06-30,0.0004820438753263545
2008-07-01,-0.003500094092783179
2008-07-02,-0.001209775129400903
2008-07-03,0.0003630862369687904
2008-07-07,0.0035030536517295374
2008-07-08,0.0038512503974406087
2008-07-09,0.0038364751527915075
2008-07-10,0.0009568234194885505
2008-07-11,-0.0056344931180678515
2008-07-14,0.0014416148580318477
2008-07-15,0.003834176755622032
2008-07-16,-0.007683111023697009
2008-07-17,-0.004347832936103302
2008-07-18,-0.005826673440206598
2008-07-21,0.005221309900925064
2008-07-22,-0.0033968248117153266
2008-07-23,0.0012144767098769549
2008-07-24,0.006894493593772921
2008-07-25,-0.005075539596836265
2008-07-28,0.004472657803691327
2008-07-29,-0.0012068550825183877
2008-07-30,0.001086235095640653
2008-07-31,0.005173566252866024
2008-08-01,-0.0012007686361110714
2008-08-04,-0.00288774114764756
2008-08-05,-0.0018090820829730347
2008-08-06,-0.0010870222702115129
2008-08-07,0.005303134038624258
2008-08-08,-0.0015639100931892358
2008-08-11,-0.002531494330034967
2008-08-12,0.004215603954590641
2008-08-13,-0.0016841096245556741
2008-08-14,0.002405003564222241
2008-08-15,0.002878390089980698
2008-08-18,0.00167524270362307
2008-08-19,-0.0007176175406637952
2008-08-20,0.0015541876521956155
2008-08-21,0.000238891544375619
2008-08-22,-0.001195028822905897
2008-08-25,0.0031041094647683565
2008-08-26,-0.0011927482330076344
2008-08-27,0.0011927482330076344
2008-08-28,0.0009531753372691298
2008-08-29,-0.00035733429002693384
2008-09-02,0.0033301648283368124
2008-09-03,-0.00011874369188102918
2008-09-04,0.0036745137059552846
2008-09-05,-0.003080936196985462
2008-09-08,0.0062703547650411195
2008-09-09,0.0044716478370778745
2008-09-10,-0.000704721664120278
2008-09-11,-0.0012932809985528593
2008-09-12,-0.004008021397538641
2008-09-15,0.003890367417756835
2008-09-16,-0.010170380947812419
2008-09-17,0.0024930267556912966
2008-09-18,-0.0027307823440674284
2008-09-19,0.004389353983604849
2008-09-22,-0.01574835696813892
2008-09-23,-0.0015644747158729544
2008-09-24,0.0013239455505518194
2008-09-25,-0.0019263189197689101
2008-09-26,-0.004953196475384836
2008-09-29,-0.004612778268929141
2008-09-30,0.003400950684856241
2008-10-01,-0.0071798300521761504
2008-10-02,0.003900541269046265
2008-10-03,0.0075142760552866505
2008-10-06,0.00024145840996236956
2008-10-07,-0.020858230120410326
2008-10-08,-0.02029578474668714
2008-10-09,0.002387085749370854
2008-10-10,-0.07084101893171191
2008-10-13,0.03792988536692388
2008-10-14,0.020791303351506585
2008-10-15,0.015877349664354945
2008-10-16,-0.015877349664354945
2008-10-17,0.0035501495382668224
2008-10-20,0.017812814181334957
2008-10-21,0.008665565490995952
2008-10-22,0.011519735234647221
2008-10-23,-0.017701752944689453
2008-10-24,-0.008469349416968086
2008-10-27,-0.010056652952942002
2008-10-28,0.0035313443180200466
2008-10-29,0.018832008802678324
2008-10-30,-0.001236246912299066
2008-10-31,-0.00322141277221899
2008-11-03,-0.016012351122398627
2008-11-04,0.016012351122398627
2008-11-05,0.01502676384550039
2008-11-06,-0.0041651413884356
2008-11-07,0.005142658572822256
2008-11-10,-0.006493927128041754
2008-11-11,0.007592492999892286
2008-11-12,-0.00869943610535806
2008-11-13,0.0034398068315262265
2008-11-14,0.0029390175453896106
2008-11-17,0.00268653232775673
2008-11-18,-0.0014644864711650385
2008-11-19,0.002926831357644488
2008-11-20,0.00024351637767949796
2008-11-21,-0.008067517169807026
2008-11-24,-0.00012273703605458763
2008-11-25,0.02461177753425936
2008-11-26,-0.0038396975420447177
2008-11-28,-0.001925391689872491
2008-12-01,0.01399460672467967
2008-12-02,0.0010684395864162255
2008-12-03,0.00011864507340231256
2008-12-04,0.003316359784739653
2008-12-05,-0.00557302681522831
2008-12-08,-0.0013088228413664638
2008-12-09,0.009361921786955385
2008-12-10,-0.0018890206325696823
2008-12-11,0.00530380169587108
2008-12-12,0.0002350728736733032
2008-12-15,0.0023476944695524082
2008-12-16,0.003978474707082569
2008-12-17,0.005357571631762426
2008-12-18,0.0062529152321850745
2008-12-19,-0.003237371309360526
2008-12-22,0.005428205278759535
2008-12-23,0.009628685119215774
2008-12-24,0.00477979742376089
2008-12-26,-0.003411808154336171
2008-12-29,0.007716788180093026
2008-12-30,0.0003390788390777999
2008-12-31,0.0006778129495836893
2009-01-02,-0.006230549750635639
2009-01-05,0.015783867701261833
2009-01-06,-0.005608539659609946
2009-01-07,-0.009153123398154328
2009-01-08,-0.007749326529308043
2009-01-09,-0.0033232139676915295
2009-01-12,0.005266182748547621
2009-01-13,0.0015972621764346329
2009-01-14,-0.0013689256073412537
2009-01-15,-0.00011416176734790895
2009-01-16,0.0051244204832627815
2009-01-20,-0.005238595285008252
2009-01-21,-0.005151405130057185
2009-01-22,-0.0043708374162267916
2009-01-23,-0.0014996830404880868
2009-01-26,-0.0010395611678326588
2009-01-27,0.005072056983026485
2009-01-28,0.0005747456908595794
2009-01-29,-0.008887921381064423
2009-01-30,0.006241351744684209
2009-02-02,-0.0016143914945381255
2009-02-03,-0.004511024941918684
2009-02-04,-0.0013921115937325368
2009-02-05,-0.0031393549415712485
2009-02-06,0.002674886749291616
2009-02-09,0.00011613727438941623
2009-02-10,0.006136053984660883
2009-02-11,-0.00023086690625451212
2009-02-12,0.00529650057986597
2009-02-13,-0.0029902264948988844
2009-02-17,0.0006908463141774845
2009-02-18,-0.0019586387965562224
2009-02-19,-0.0016158821613867502
2009-02-20,-0.005095552426599426
2009-02-23,0.005095552426599426
2009-02-24,-0.0019656594176717945
2009-02-25,-0.0009263548601312621
2009-02-26,-0.0052267962654859446
2009-02-27,0.00011644832618706857
2009-03-02,0.0033711162410954287
2009-03-03,-0.0012773618412218468
2009-03-04,-0.004775502640324447
2009-03-05,0.0033801535767201685
2009-03-06,0.0026727109048261255
2009-03-09,-0.006870478263004465
2009-03-10,0.0022176840136589604
2009-03-11,0.0024454160658056168
2009-03-12,0.0009300163423180408
2009-03-13,0.000929152215510598
2009-03-16,-0.00302290661538418
2009-03-17,-0.003032072293779997
2009-03-18,0.015759306452692634
2009-03-19,0.0024114382702311588
2009-03-20,-0.005520428050655113
2009-03-23,0.0
2009-03-24,-0.006827544892906268
2009-03-25,-0.004422211326331471
2009-03-26,0.0019807754801339783
2009-03-27,0.0008144744181706187
2009-03-30,0.004641456464419491
2009-03-31,0.00519601653999846
2009-04-01,-0.0005760037023492259
2009-04-02,-0.003116166177921542
2009-04-03,-0.0032418692280495875
2009-04-06,-0.00023196474240005927
2009-04-07,-0.0016252615604503973
2009-04-08,0.0032478859313052055
2009-04-09,-0.001390659628454749
2009-04-13,0.007164347722881104
2009-04-14,-0.00023030861456074803
2009-04-15,0.0028750522937928125
2009-04-16,-0.0018390809781170248
2009-04-17,-0.0055376237495439184
2009-04-20,0.005767693921960415
2009-04-21,-0.003225809248882605
2009-04-22,0.00265053453935149
2009-04-23,0.0013801037268184047
2009-04-24,0.001033829280523868
2009-04-27,0.001606057474971223
2009-04-28,-0.00034393809453447943
2009-04-29,-0.004136510551779438
2009-04-30,0.004824268488105687
2009-05-01,-0.003788535614574151
2009-05-04,0.0006898930939378545
2009-05-05,0.0021815267851401643
2009-05-06,0.002176778083565978
2009-05-07,-0.004358304868706142
2009-05-08,0.001837391421835477
2009-05-11,0.0006881523382009647
2009-05-12,0.005488236963516968
2009-05-13,0.0009117848819508723
2009-05-14,0.0005694436689376303
2009-05-15,0.0022745375437889237
2009-05-18,-0.00295790886878855
2009-05-19,0.0009110580290805359
2009-05-20,0.0030687073010362553
2009-05-21,-0.003182544172922519
2009-05-22,-0.0026218310829477787
2009-05-26,-0.002285454085876104
2009-05-27,-0.0055064955014234584
2009-05-28,0.0003450457219811298
2009-05-29,0.010637789763599415
2009-06-01,-0.012479410910248845
2009-06-02,0.006888660995184814
2009-06-03,0.0027422320657759514
2009-06-04,-0.008364414277896692
2009-06-05,-0.0051912212098832455
2009-06-08,-0.0026637342752522386
2009-06-09,0.004512590822247198
2009-06-10,-0.0027745682539253025
2009-06-11,0.0034670091356030497
2009-06-12,0.004833707190298853
2009-06-15,0.00378158933434225
2009-06-16,0.0013715855390614706
2009-06-17,0.0020538574084314476
2009-06-18,-0.006518406063872995
2009-06-19,0.0036646857321480653
2009-06-22,0.0014849508697052372
2009-06-23,0.003190885898280982
2009-06-24,-0.002620337585890198
2009-06-25,0.00455270533694474
2009-06-26,0.0029481822011767633
2009-06-29,-0.0009062075835375438
2009-06-30,0.0002266288961543239
2009-07-01,-0.0003399626073878892
2009-07-02,0.0023773147552317297
2009-07-06,-0.0007918104593320763
2009-07-07,0.0031634869903038876
2009-07-08,0.005512134998192586
2009-07-09,-0.002808517264826449
2009-07-10,0.0033692754245322476
2009-07-13,-0.0004485813689658613
2009-07-14,-0.003033198977774987
2009-07-15,-0.006547037721460036
2009-07-16,0.0031659908851375818
2009-07-17,0.0
2009-07-20,0.0011282862530581639
2009-07-21,0.006967103134343233
2009-07-22,-0.0034774840136826413
2009-07-23,-0.002475248788543105
2009-07-24,0.0
2009-07-27,-0.0030462030663445105
2009-07-28,0.0018062773030242951
2009-07-29,0.001803020547048284
2009-07-30,0.0012376935475924
2009-07-31,0.005047400093756593
2009-08-03,-0.00212801782718941
2009-08-04,-0.003031836582120029
2009-08-05,-0.0007875344953349739
2009-08-06,0.0004500956529227551
2009-08-07,-0.005980271701666595
2009-08-10,0.007778631183754214
2009-08-11,0.003475145025274351
2009-08-12,-0.0004477277889884945
2009-08-13,0.0024600258408629117
2009-08-14,0.0017853162519303467
2009-08-17,0.004116376730901372
2009-08-18,-0.003224912441865513
2009-08-19,0.002002893737328648
2009-08-20,0.001666019155831755
2009-08-21,-0.005787439637459535
2009-08-24,0.00401025378705544
2009-08-25,0.001666204217749545
2009-08-26,0.001441801392117803
2009-08-27,-0.0007760962748886158
2009-08-28,-0.0006657051172291872
2009-08-31,0.004098139423358127
2009-09-01,-0.001659384196243785
2009-09-02,0.005300365765841697
2009-09-03,-0.0018740015405578347
2009-09-04,-0.0018775200169933726
2009-09-08,-0.0014381328879444766
2009-09-09,0.0018802195441285363
2009-09-10,0.0050699987364000165
2009-09-11,-0.00010994447814915986
2009-09-14,-0.0014303792943266558
2009-09-15,-0.0015427000304768512
2009-09-16,0.0007716475056325223
2009-09-17,0.004727101640335185
2009-09-18,-0.0025256698211642004
2009-09-21,-0.0007699499912900976
2009-09-22,-0.0006604293030365582
2009-09-23,0.0025292805038121813
2009-09-24,0.0012073982038662834
2009-09-25,0.0029574477988516534
2009-09-28,0.0
2009-09-29,-0.000547016041209325
2009-09-30,0.0018586349853944029
2009-10-01,0.00229120170059538
2009-10-02,-0.001963565592165928
2009-10-05,0.0007640670567647945
2009-10-06,-0.0015287183584273834
2009-10-07,0.004035121893610771
2009-10-08,-0.0006532389998215038
2009-10-09,-0.006994564035780471
2009-10-12,0.002300488498814701
2009-10-13,0.0025135251744856646
2009-10-14,-0.0024041099984914993
2009-10-15,-0.0015329029608484035
2009-10-16,-0.00010958303665553615
2009-10-19,0.0020800270239549334
2009-10-20,0.002293954799158726
2009-10-21,-0.0006548788708178321
2009-10-22,-0.0015297205780218093
2009-10-23,-0.0012035670800214504
2009-10-26,-0.0027407790001348076
2009-10-27,0.003944346080156258
2009-10-28,0.001420532392074847
2009-10-29,-0.0019674287688449255
2009-10-30,0.003822008474575256
2009-11-02,-0.001527050907562888
2009-11-03,-0.001420066872536374
2009-11-04,-0.001641048450992777
2009-11-05,0.002624386416052893
2009-11-06,0.0008732671660736102
2009-11-09,0.0013084725452072732
2009-11-10,0.0003268507955231925
2009-11-11,0.0003267439989862453
2009-11-12,0.002066903101891171
2009-11-13,0.0009775702728216373
2009-11-16,0.0023856007843923166
2009-11-17,0.0008660821154125031
2009-11-18,-0.002058171121388952
2009-11-19,0.0010837759812298842
2009-11-20,0.0003249038854589159
2009-11-23,-0.00021659086071235123
2009-11-24,0.003028011397641528
2009-11-25,0.0008634647055636435
2009-11-27,0.0008627197774391249
2009-11-30,0.0017232099040676019
2009-12-01,-0.0024780489974389752
2009-12-02,-0.0018355563108700679
2009-12-03,0.0001080672179147868
2009-12-04,-0.0020552768336052907
2009-12-07,0.0009740787609313628
2009-12-08,0.0012972974792413439
2009-12-09,-0.0009728152958743408
2009-12-10,-0.0007572889419087403
2009-12-11,-0.002383791355275555
2009-12-14,0.0005422699552646293
2009-12-15,-0.0028230203330208425
2009-12-16,0.0018467225931644293
2009-12-17,0.0016266337697148359
2009-12-18,0.0
2009-12-21,-0.0042347639158437644
2009-12-22,-0.002833171776346788
2009-12-23,0.0003273143883895102
2009-12-24,-0.0016376443421970421
2009-12-28,-0.006137678189206852
2009-12-29,0.001208592137446729
2009-12-30,0.0025223460211956095
2009-12-31,-0.001315212815627298
2010-01-04,0.0012056777916935602
2010-01-05,0.0044811266854303256
2010-01-06,-0.0005454049767052993
2010-01-07,-0.0010917031651942466
2010-01-08,0.0005460005595647743
2010-01-11,-0.0007644842833967047
2010-01-12,0.006316727603455696
2010-01-13,-0.004243057010440587
2010-01-14,0.0026132419052773415
2010-01-15,0.0019554596127902
2010-01-19,-0.0016292840187048796
2010-01-20,0.002605581758561293
2010-01-21,0.00021682567300906896
2010-01-22,0.000541858588170463
2010-01-25,0.0
2010-01-26,0.0011910563911419203
2010-01-27,-0.0007577808211056691
2010-01-28,-0.0008667389491687771
2010-01-29,0.0022735894598726603
2010-02-01,-0.0012985609442983659
2010-02-02,0.0010822511878849639
2010-02-03,-0.0018405245275801008
2010-02-04,0.0024893134776737824
2010-02-05,0.00032423669562664514
2010-02-08,0.001943215552642208
2010-02-09,-0.0018351600119892453
2010-02-10,-0.0022716219406637705
2010-02-11,-0.0016257522683398307
2010-02-12,0.00010846575204492837
2010-02-16,0.002491470714137911
2010-02-17,-0.0030339171608533277
2010-02-18,-0.00032560916334833934
2010-02-19,0.0007595898580188276
2010-02-22,-0.0017370539597374446
2010-02-23,0.0034710957944827925
2010-02-24,0.0010822511878849639
2010-02-25,0.002053055991551922
2010-02-26,0.000215866163816969
2010-03-01,0.0014019953765860294
2010-03-02,0.0004309880467525673
2010-03-03,0.0
2010-03-04,0.0018296297414153173
2010-03-05,-0.001937359340226763
2010-03-08,0.0006462035766068297
2010-03-09,0.0011836231004691555
2010-03-10,-0.000645438920857444
2010-03-11,0.0
2010-03-12,0.0
2010-03-15,0.0012904615190114654
2010-03-16,0.0018253078563352787
2010-03-17,0.0007506300282749123
2010-03-18,-0.0008579088998041939
2010-03-19,-0.0007512745188344994
2010-03-22,0.0007512745188344994
2010-03-23,0.00021454623553651686
2010-03-24,-0.005054045921270678
2010-03-25,-0.0025906750240931586
2010-03-26,0.0016199582353619846
2010-03-29,-0.0011877127131789678
2010-03-30,0.0004320587667123732
2010-03-31,0.0005398110792356192
2010-04-01,-0.00032385167876292087
2010-04-05,-0.006281835885441289
2010-04-06,0.0013029317804162943
2010-04-07,0.00422284207192547
2010-04-08,-0.0009729204594277618
2010-04-09,0.0010809643253422152
2010-04-12,0.002374016438176696
2010-04-13,0.0016154222456501444
2010-04-14,-0.0011843877562185412
2010-04-15,0.0018298266770759852
2010-04-16,0.0015044060434608042
2010-04-19,-0.0018270734299656866
2010-04-20,0.001612296796837498
2010-04-21,0.0018241327017438635
2010-04-22,-0.0020389554737834104
2010-04-23,-0.0012899066606317788
2010-04-26,-0.0001075673641661723
2010-04-27,0.0032219982765742117
2010-04-28,-0.0016097014797367137
2010-04-29,0.0004295071471593914
2010-04-30,0.004284955672501312
2010-05-03,-0.0019259582242643347
2010-05-04,0.004061570354685351
2010-05-05,-0.0007469455610582543
2010-05-06,0.0013867408483978494
2010-05-07,-0.004380114903062449
2010-05-10,-0.00010707211317040333
2010-05-11,0.003740719372933299
2010-05-12,-0.0010673498718496433
2010-05-13,0.0014939710387302796
2010-05-14,0.0036189501977208494
2010-05-17,-0.000744008112121719
2010-05-18,0.0033966702862020526
2010-05-19,0.00042377371118362817
2010-05-20,-0.000847727082663674
2010-05-21,0.004231467225681129
2010-05-24,-0.0005279552416599387
2010-05-25,0.0012666246151935567
2010-05-26,-0.0011610112655677796
2010-05-27,-0.00232607421436537
2010-05-28,0.0009522298767450366
2010-06-01,0.0016906174779069971
2010-06-02,-0.001056300932693155
2010-06-03,-0.0004228329872724146
2010-06-04,0.0025343202582428503
2010-06-07,0.0029486120773718483
2010-06-08,-0.0011573466492533768
2010-06-09,0.0005262327122439459
2010-06-10,-0.0029504763237504505
2010-06-11,0.0005275096392836076
2010-06-14,0.0013702241933035708
2010-06-15,0.0
2010-06-16,0.0015786984281813687
2010-06-17,0.0023109253981816735
2010-06-18,-0.001575051514778103
2010-06-21,0.002204378156064557
2010-06-22,0.0010479984191205105
2010-06-23,0.0025107241978732375
2010-06-24,-0.0008362078463637346
2010-06-25,0.0013584828882668987
2010-06-28,0.001877934824199734
2010-06-29,0.0030181632943913073
2010-06-30,0.00010391229811457237
2010-07-01,-0.0005196695018998554
2010-07-02,-0.0014565129499581886
2010-07-06,0.0031185056458093996
2010-07-07,-0.0013501585890676182
2010-07-08,-0.00020787859964688238
2010-07-09,-0.0014563614349825116
2010-07-12,0.0011444624877121612
2010-07-13,-0.0024986998945335515
2010-07-14,0.003330214338037152
2010-07-15,0.0013497380442926143
2010-07-16,0.003107844623095879
2010-07-19,-0.0009313396440777666
2010-07-20,-0.0007249754343732207
2010-07-21,0.004341989660398227
2010-07-22,-0.0009288405642244868
2010-07-23,-0.0017568340177227526
2010-07-26,-0.0002068894183446801
2010-07-27,-0.0003104144057202163
2010-07-28,0.0018610427207628177
2010-07-29,0.0009292241647402832
2010-07-30,0.0016498250803493875
2010-08-02,-0.0013402754725531096
2010-08-03,0.0006188119009342685
2010-08-04,-0.0017542958939031905
2010-08-05,0.001238645905681679
2010-08-06,0.001958056997009905
2010-08-09,0.0
2010-08-10,0.0016459215730968424
2010-08-11,0.0009246417672184037
2010-08-12,-0.0015415449329889697
2010-08-13,0.002260120132004495
2010-08-16,0.003380631196929329
2010-08-17,-0.001227998516985629
2010-08-18,-0.0011269915643934425
2010-08-19,0.003275000368607728
2010-08-20,-0.0014314930869838705
2010-08-23,0.0010227041185935093
2010-08-24,0.0039785821417606115
2010-08-25,-0.0023444279633713094
2010-08-26,0.0013257867425613412
2010-08-27,-0.005518665002597345
2010-08-30,0.006740910011140855
2010-08-31,0.0007122869800006981
2010-09-01,-0.002138384807515159
2010-09-02,-0.0013260572147668626
2010-09-03,-0.00224811049107565
2010-09-07,0.002860355408159876
2010-09-08,-0.0008164098830851785
2010-09-09,-0.0048099156335439375
2010-09-10,-0.0020538105391487704
2010-09-13,0.0021563904233232734
2010-09-14,0.003685885200904515
2010-09-15,-0.001943635208570882
2010-09-16,-0.0016396806297125366
2010-09-17,0.001332445233778401
2010-09-20,0.0003072353959341356
2010-09-21,0.0042914135543874465
2010-09-22,0.0003058259873984781
2010-09-23,0.001120562435798611
2010-09-24,-0.0037741667690136538
2010-09-27,0.003468683339113987
2010-09-28,0.0023396582566332924
2010-09-29,-0.0007114906027636536
2010-09-30,-0.00030507957728875823
2010-10-01,-0.001221249897359833
2010-10-04,0.0017296641642463584
2010-10-05,0.0
2010-10-06,0.001016053735044764
2010-10-07,0.0004061326078765859
2010-10-08,0.002028192562208986
2010-10-11,-0.0005066626242040684
2010-10-12,-0.0010140960203823823
2010-10-13,-0.00010146618648132488
2010-10-14,-0.0037615049688222157
2010-10-15,-0.00203915241947783
2010-10-18,0.003565792581635918
2010-10-19,0.0008132561188292087
2010-10-20,0.001218645423489484
2010-10-21,-0.0016251908097171253
2010-10-22,0.0005081559131658864
2010-10-25,0.00010160020328786601
2010-10-26,-0.0023394202807001108
2010-10-27,-0.0019367010793311934
2010-10-28,0.0025475124594134257
2010-10-29,0.00213490651920889
2010-11-01,-0.00040629761859101166
2010-11-02,0.0017256259674693908
2010-11-03,-0.000202860331357968
2010-11-04,0.004756371867328468
2010-11-05,-0.0027296180320810493
2010-11-08,-0.0005063034891206186
2010-11-09,-0.0048736008739878045
2010-11-10,-0.0008145810449402546
2010-11-11,-0.00010186930177447096
2010-11-12,-0.003981018885076182
2010-11-15,-0.005538475696013734
2010-11-16,0.002465332527552988
2010-11-17,0.0003077396546826705
2010-11-18,-0.0003077396546826705
2010-11-19,0.0011279160385724296
2010-11-22,0.0024565007235199943
2010-11-23,0.001021763652804708
2010-11-24,-0.004914014802428923
2010-11-26,0.002050441563172356
2010-11-29,0.0007166624314924874
2010-11-30,-0.0007166624314924874
2010-12-01,-0.005236958110519829
2010-12-02,-0.001958056997009905
2010-12-03,0.001958056997009905
2010-12-06,0.0036995212269408384
2010-12-07,-0.00782621644672421
2010-12-08,-0.004766848404581303
2010-12-09,0.0017643095230956973
2010-12-10,-0.0018681894380074837
2010-12-13,0.0006231176855475695
2010-12-14,-0.005622086646047464
2010-12-15,-0.0016718917165059466
2010-12-16,0.0018806817788572516
2010-12-17,0.005413296583696159
2010-12-20,0.0006227296516758685
2010-12-21,0.0019694227666402497
2010-12-22,-0.001139719338000944
2010-12-23,-0.0019716708509509573
2010-12-27,0.002904265084648472
2010-12-28,-0.005921172444423917
2010-12-29,0.007059829986838295
2010-12-30,-0.0007244502257330865
2010-12-31,0.004029555486001257
2011-01-03,-0.0011348982389121076
2011-01-04,0.00030964545842682156
2011-01-05,-0.004862162374427825
2011-01-06,0.0002073828294451019
2011-01-07,0.0032089463900888404
2011-01-10,0.002683457075243645
2011-01-11,-0.0019602791936303987
2011-01-12,-0.00010327911189200734
2011-01-13,0.0036084373397997638
2011-01-14,-0.0020603695348926365
2011-01-18,-0.0007221334197344831
2011-01-19,0.0002063770516045338
2011-01-20,-0.003824887073801797
2011-01-21,0.0032056281005594656
2011-01-24,-0.0006196426925511034
2011-01-25,0.0030943810147476825
2011-01-26,-0.003301013932106578
2011-01-27,0.0017550203234879547
2011-01-28,0.0013399991697395919
2011-01-31,-0.00185586196167975
2011-02-01,-0.002066116437472232
2011-02-02,-0.001241722013852531
2011-02-03,-0.0036305210770866125
2011-02-04,-0.003435177478916529
2011-02-07,0.00041701418452522176
2011-02-08,-0.002818226383841882
2011-02-09,0.0017753646770630738
2011-02-10,-0.0029258119095301183
2011-02-11,0.0039686736163089265
2011-02-14,0.0005210233015278121
2011-02-15,0.0012493494597469734
2011-02-16,0.0
2011-02-17,0.0023902323668822945
2011-02-18,-0.00041528239799504263
2011-02-22,0.0036278868502597206
2011-02-23,0.0007240006521973541
2011-02-24,0.00020676108830031126
2011-02-25,0.0026840111085455476
2011-02-28,0.0018539504743744217
2011-03-01,-0.0008235536804779287
2011-03-02,-0.0015459936086186232
2011-03-03,-0.0035131261592420415
2011-03-04,0.0025843814456640857
2011-03-07,0.0005160757713760233
2011-03-08,-0.0007225806766006926
2011-03-09,0.0023722356542767997
2011-03-10,0.0034965070587293923
2011-03-11,0.00020529665438573375
2011-03-14,0.0005130573197558164
2011-03-15,0.0004102564160106681
2011-03-16,0.002867091867755356
2011-03-17,-0.000716002690027473
2011-03-18,-0.0004093746858933045
2011-03-21,-0.002357162249491118
2011-03-22,0.00010260093375880075
2011-03-23,-0.0004104669118687454
2011-03-24,-0.002775067303278256
2011-03-25,-0.000823723275571453
2011-03-28,-0.0005151718211919842
2011-03-29,-0.0012374962907495402
2011-03-30,0.0017526681119415244
2011-03-31,-0.001133728541945267
2011-04-01,0.0013397229808242983
2011-04-04,0.0016464296783604837
2011-04-05,-0.002161495360620158
2011-04-06,-0.0028892807221687633
2011-04-07,0.001445683853607882
2011-04-08,-0.0018591205520026577
2011-04-11,0.0009299923170917879
2011-04-12,0.00381424100383132
2011-04-13,0.0010283834719571061
2011-04-14,-0.0009254975209431748
2011-04-15,0.0035943556027273615
2011-04-18,0.0017411793204189507
2011-04-19,0.0019424429764400841
2011-04-20,-0.0014309078484000537
2011-04-21,0.0007157098613372881
2011-04-25,0.0005109078944220968
2011-04-26,0.0036708514760315225
2011-04-27,-0.0008145810449402546
2011-04-28,0.0023401343537772235
2011-04-29,0.0009142161234034774
2011-05-02,0.000507536934206243
2011-05-03,0.00030439856153030576
2011-05-04,0.0018244481038838245
2011-05-05,0.0022253701273688975
2011-05-06,-0.00010104582436731846
2011-05-09,0.0012118765369262263
2011-05-10,-0.00181836599249241
2011-05-11,0.00181836599249241
2011-05-12,-0.0015150752860275674
2011-05-13,0.001615998735676527
2011-05-16,0.002117042980319006
2011-05-17,0.0011071411729268732
2011-05-18,-0.001610792656753901
2011-05-19,-0.0007055385063123865
2011-05-20,0.0009070295406425899
2011-05-23,0.0008055583961956714
2011-05-24,0.00040253598208828123
2011-05-25,-0.00020124773664242923
2011-05-26,0.0022115007002767584
2011-05-27,0.0009032970955944464
2011-05-31,0.0003009178015584979
2011-06-01,0.0043032340610968944
2011-06-02,-0.004002406783821577
2011-06-03,0.0013025401370665435
2011-06-06,0.00020024028901488578
2011-06-07,0.0020002006868695688
2011-06-08,0.0008987866985430415
2011-06-09,-0.001498426932381669
2011-06-10,-9.997500633129874e-05
2011-06-13,-0.0013005854466996425
2011-06-14,-0.0027066328989207022
2011-06-15,0.0025063926099058165
2011-06-16,0.0006006006186547452
2011-06-17,0.0010002001233910818
2011-06-20,-0.0013004553425810528
2011-06-21,0.0009004953332496513
2011-06-22,-0.0007003151704356725
2011-06-23,0.0032972003693565455
2011-06-24,-0.0008981588348904168
2011-06-27,-0.0017987413663638208
2011-06-28,-0.004008824771387864
2011-06-29,-0.0030172003176849316
2011-06-30,-0.0002014707370570079
2011-07-01,0.000302190886208642
2011-07-05,0.003920193993639742
2011-07-06,0.0005014793746340729
2011-07-07,-0.0028115291137957854
2011-07-08,0.0052151356791085846
2011-07-11,0.0026971696087230157
2011-07-12,0.0007977662967979526
2011-07-13,0.0019916357907803217
2011-07-14,-0.0024901651395570212
2011-07-15,0.0013952563555106323
2011-07-18,-0.0014949920559876873
2011-07-19,0.0020923636388658906
2011-07-20,-0.0015937845788291938
2011-07-21,-0.0015963287835667472
2011-07-22,0.0021942957138820773
2011-07-25,-0.0028934916670531052
2011-07-26,0.002295524736737775
2011-07-27,-0.0016961839935953904
2011-07-28,0.0019952121543083123
2011-07-29,0.005961861856009776
2011-08-01,0.0023748279516739856
2011-08-02,0.004240846633999595
2011-08-03,0.0009836711397150921
2011-08-04,0.005392963014347885
2011-08-05,-0.006671924278753849
2011-08-08,0.0004921017765759927
2011-08-09,0.005886409619247246
2011-08-10,0.008086166131155537
2011-08-11,-0.012497721739391565
2011-08-12,0.0044115556082360285
2011-08-15,0.0015638748178030681
2011-08-16,0.0020488811499435045
2011-08-17,0.001655548900313164
2011-08-18,0.0014585057765614806
2011-08-19,0.00048569625511607484
2011-08-22,-0.0012633012709706293
2011-08-23,-0.002433920298067882
2011-08-24,-0.005669614405193535
2011-08-25,0.0020565056457062525
2011-08-26,0.0013686579514544661
2011-08-29,-0.0010752163686769123
2011-08-30,0.0031246973964078606
2011-08-31,-0.0009754195076929761
2011-09-01,0.003215280209438731
2011-09-02,0.0030110265087870403
2011-09-06,0.0026151402380412136
2011-09-07,-0.002324231145080624
2011-09-08,0.0002908244894719303
2011-09-09,0.0013560637490694916
2011-09-12,-0.0020347858384397455
2011-09-13,0.0003878975998983236
2011-09-14,0.00019389239033174022
2011-09-15,-0.002912340666374469
2011-09-16,0.0014572305488318449
2011-09-19,0.0021334375818966578
2011-09-20,0.0020322259861034198
2011-09-21,0.0016421158000587965
2011-09-22,0.0028912896008943534
2011-09-23,-0.005210355284161139
2011-09-26,-0.0022274959575812048
2011-09-27,-0.0013583003931767479
2011-09-28,-0.0008741683816353429
2011-09-29,-0.00029155935869162874
2011-09-30,0.0036868189621941383
2011-10-03,0.004059153152461192
2011-10-04,-0.0030911925696726072
2011-10-05,-0.003294895896852168
2011-10-06,-0.0016515280384732378
2011-10-07,-0.0020438957915853706
2011-10-10,-0.002048081858937678
2011-10-11,0.002437717554496288
2011-10-12,-0.0019496984144602436
2011-10-13,0.0005853087670750767
2011-10-14,-0.001659265423874956
2011-10-17,0.0038997807053027245
2011-10-18,-0.0010709245048250438
2011-10-19,0.0014600674224700683
2011-10-20,-0.0005837711782827881
2011-10-21,0.0005837711782827881
2011-10-24,-0.0015574810896845648
2011-10-25,0.0051498923515618245
2011-10-26,-0.002814579428785713
2011-10-27,-0.0037976578092555613
2011-10-28,0.00389484426154052
2011-10-31,0.004750602758598177
2011-11-01,0.0048244014838383364
2011-11-02,0.0
2011-11-03,-0.0022163343208791986
2011-11-04,-0.0002894495654350848
2011-11-07,0.0008680974743375813
2011-11-08,-0.0013506996747176814
2011-11-09,0.0017362790124426652
2011-11-10,-0.0019293851248516347
2011-11-11,-0.0011594204197349356
2011-11-14,0.000773096288988917
2011-11-15,-0.001256585153988965
2011-11-16,-0.000386959470824344
2011-11-17,-0.0004839100021847287
2011-11-18,-0.00019362958720581247
2011-11-21,-0.00019366708688384193
2011-11-22,0.0006776707747606636
2011-11-23,0.0009673051634484509
2011-11-25,-0.001354489371170331
2011-11-28,-9.681948015494157e-05
2011-11-29,0.0002904303229671612
2011-11-30,-0.0025198695248862535
2011-12-01,0.00038808577182525283
2011-12-02,0.0025188930194843806
2011-12-05,0.0011604294890821265
2011-12-06,-0.0009669310364657235
2011-12-07,0.0018363703029429246
2011-12-08,0.0009651578782241543
2011-12-09,-0.0004824624979002934
2011-12-12,0.00028950543024830466
2011-12-13,0.0019278972618712586
2011-12-14,0.002500722665143229
2011-12-15,-0.0021155888263759692
2011-12-16,0.003363608956683528
2011-12-19,0.0010548018430158734
2011-12-20,-0.0014386421701546581
2011-12-21,-0.0024985598237616813
2011-12-22,0.0015383139270461754
2011-12-23,-0.001153513537498263
2011-12-27,0.0017297717171027571
2011-12-28,0.0017267847728970054
2011-12-29,0.002393376280106274
2011-12-30,-0.0012438407574100196
2012-01-03,-0.0020125551859848656
2012-01-04,-0.0013439571956661567
2012-01-05,0.0013439571956661567
2012-01-06,0.0008630196632886111
2012-01-09,-0.0008630196632886111
2012-01-10,-0.00028783881225358243
2012-01-11,0.0035442347556484677
2012-01-12,-0.0007652573551188979
2012-01-13,0.002198538380189241
2012-01-17,0.00028640985445615996
2012-01-18,-0.0012417022465553984
2012-01-19,-0.0016260943848029896
2012-01-20,-0.002588067584060383
2012-01-23,-0.0007681229374307819
2012-01-24,0.0007681229374307819
2012-01-25,0.0014386421701546581
2012-01-26,0.0020106282803959985
2012-01-27,0.001624695727001857
2012-01-30,0.002955902033039415
2012-01-31,0.001712329185512118
2012-02-01,-0.0018075446104832693
2012-02-02,0.00028561908129631775
2012-02-03,-0.00047607713348618574
2012-02-06,0.0007616146598161677
2012-02-07,-0.001047369769632489
2012-02-08,-0.0007624130741943347
2012-02-09,-0.0016220603718677395
2012-02-10,0.0013360055427416029
2012-02-13,0.00038138825786493413
2012-02-14,0.0007623404219021523
2012-02-15,-0.0002858095575115627
2012-02-16,-0.00019058509682245983
2012-02-17,-0.0013351136829689025
2012-02-21,-0.0015280300938949054
2012-02-22,0.002863143776863808
2012-02-23,0.0007621225480827221
2012-02-24,0.0002856462766382961
2012-02-27,0.0031367356168958693
2012-02-28,-0.0006645464715067106
2012-02-29,-0.0010451803887470135
2012-03-01,-0.001998382927029141
2012-03-02,0.0021884969960428435
2012-03-05,-0.0014267372943805867
2012-03-06,0.001996862737417615
2012-03-07,-0.0009503897312965748
2012-03-08,-0.0022846273621173196
2012-03-09,-0.00019062142642489732
2012-03-12,0.0009527439745076194
2012-03-13,-0.0033385827738401375
2012-03-14,-0.00555716673981177
2012-03-15,-0.000384393623799717
2012-03-16,9.611225919314847e-05
2012-03-19,-0.003273010238000751
2012-03-20,0.0015415746380771367
2012-03-21,0.0023079152469414055
2012-03-22,0.0009600615176745819
2012-03-23,0.002300393998238448
2012-03-26,-0.0007662101706138458
2012-03-27,0.0010533876961602573
2012-03-28,-9.571667870389433e-05
2012-03-29,0.0026766099528305887
2012-03-30,-0.0015286140360704081
2012-04-02,9.56068646456032e-05
2012-04-03,-0.004311383923841561
2012-04-04,0.002110110124979414
2012-04-05,0.00229687152370861
2012-04-09,0.004387645345014235
2012-04-10,9.517011665582942e-05
2012-04-11,9.516106016604908e-05
2012-04-12,-0.001047270053351923
2012-04-13,0.0031385255683522573
2012-04-16,0.00018989745594488738
2012-04-17,0.00018986140174703792
2012-04-18,0.0012332212348882265
2012-04-19,-0.0007587253778238434
2012-04-20,0.0001897353197986007
2012-04-23,0.001042901255938311
2012-04-24,-0.0015173070715626125
2012-04-25,0.0004744058156243014
2012-04-26,0.0015165879684095884
2012-04-27,0.0
2012-04-30,-0.0003789314179485359
2012-05-01,-0.00037907506140033576
2012-05-02,0.0009474183560396199
2012-05-03,0.0011357184639271267
2012-05-04,0.0009454477398973538
2012-05-07,0.0003779289538563546
2012-05-08,0.0007554296865386334
2012-05-09,0.00028313907036459085
2012-05-10,-0.0010385687569032243
2012-05-11,0.0007554296865386334
2012-05-14,0.002262871039144798
2012-05-15,-0.0005652378859863916
2012-05-16,-0.00018848364960177832
2012-05-17,0.0006595374055446968
2012-05-18,-0.0002826056257330123
2012-05-21,-0.00018844813020990614
2012-05-22,-0.00245306283969704
2012-05-23,0.0012272836093218942
2012-05-24,-0.0008494974318029591
2012-05-25,0.0015097191016231193
2012-05-29,-0.0004715424239778443
2012-05-30,0.0032961370898130227
2012-05-31,0.0029103902625724487
2012-06-01,0.002527972883194174
2012-06-04,-0.002340496317216001
2012-06-05,-0.0020641778768544228
2012-06-06,-0.0029158653025627146
2012-06-07,0.0015060243810376406
2012-06-08,-0.0004703890203865413
2012-06-11,0.0009405568789704333
2012-06-12,-0.0008464613719612046
2012-06-13,0.0026310859004663456
2012-06-14,-0.0007510327052226984
2012-06-15,0.002345106839016786
2012-06-18,-0.0002811226181655968
2012-06-19,-0.0011252814390712018
2012-06-20,-0.0015963194149959392
2012-06-21,0.00140864933843865
2012-06-22,-0.0015026298845350894
2012-06-25,0.0031903939982544927
2012-06-26,-0.0010310728757101373
2012-06-27,0.00037505860730302487
2012-06-28,0.001217969888703152
2012-06-29,-0.001405481608735215
2012-07-02,0.001967121612265643
2012-07-03,-0.0007489234575848158
2012-07-05,0.002618781893195532
2012-07-06,0.0007469654875782439
2012-07-09,0.0019581338719758534
2012-07-10,0.00046565774997464615
2012-07-11,-9.311420463919973e-05
2012-07-12,0.001767688974971371
2012-07-13,0.00037174721617727613
2012-07-16,0.000743080101068827
2012-07-17,-0.0003714710295312784
2012-07-18,0.002041385138717544
2012-07-19,-0.0008346084779917717
2012-07-20,0.0013906273969599425
2012-07-23,0.0009260117339175977
2012-07-24,0.001202534717783088
2012-07-25,0.00036971994135903685
2012-07-26,-0.0006470996296981113
2012-07-27,-0.0029635139303358926
2012-07-30,0.0016680571006970624
2012-07-31,0.0010180001804602767
2012-08-01,-0.0012032025145396474
2012-08-02,0.0001852023340793707
2012-08-03,-0.002410309871832439
2012-08-06,0.0014839550117011768
2012-08-07,-0.0025983682028147825
2012-08-08,-0.0013017203139833455
2012-08-09,-0.00027916065877064966
2012-08-10,0.0016737961876867047
2012-08-13,-9.291521493270949e-05
2012-08-14,-0.002325690615229803
2012-08-15,-0.003265080562885103
2012-08-16,-0.0013090230948238357
2012-08-17,0.0012155782505747226
2012-08-20,-0.00037386672087080797
2012-08-21,0.0014012800648783852
2012-08-22,0.004285055462179166
2012-08-23,0.0006504669652755979
2012-08-24,-0.0006504669652755979
2012-08-27,0.0013005110983019819
2012-08-28,0.0008351506076280657
2012-08-29,-0.0010208343886839444
2012-08-30,0.0006497424463978163
2012-08-31,0.003149900695939678
2012-09-04,-0.0001850138765684406
2012-09-05,0.0
2012-09-06,-0.0023155662641149988
2012-09-07,9.272567116891395e-05
2012-09-10,0.0001854255521722692
2012-09-11,-0.0011130694034804378
2012-09-12,-0.0018578732701186595
2012-09-13,0.0023218027611582315
2012-09-14,-0.004183134150107293
2012-09-17,0.0016753540776450748
2012-09-18,0.0005578282033829041
2012-09-19,0.002042711945208886
2012-09-20,-0.0006495012986391657
2012-09-21,0.0015766291232548468
2012-09-24,0.0011114199532515912
2012-09-25,0.0015724000834875795
2012-09-26,0.001016119435264251
2012-09-27,-0.0006465019851136233
2012-09-28,0.0013848499651265556
2012-10-01,-0.000369105845290818
2012-10-02,0.0008302966480968621
2012-10-03,-0.00036893562491879806
2012-10-04,-0.0013847221229470463
2012-10-05,-0.0021269717178542535
2012-10-08,0.0015725455347377348
2012-10-09,-0.0011097753844078184
2012-10-10,0.0016642015675243371
2012-10-11,0.001200203255368848
2012-10-12,0.0008300669141583228
2012-10-15,0.0005529954057976738
2012-10-16,-0.0016599044755558623
2012-10-17,-0.003050332817623236
2012-10-18,-0.00037037037460407873
2012-10-19,0.0012032025145396474
2012-10-22,-0.0012958165456309345
2012-10-23,0.0022203728245075993
2012-10-24,-0.000739576626111571
2012-10-25,-0.0021293346933566326
2012-10-26,0.002684068435393705
2012-10-31,0.0013854895302705117
2012-11-01,-0.001293063817371376
2012-11-02,0.0006467409104251587
2012-11-05,0.001661129950076834
2012-11-06,-0.002862553319024741
2012-11-07,0.0023091498737999316
2012-11-08,0.0012907986302650443
2012-11-09,-0.0005529954057976738
2012-11-12,-0.0002766124216613264
2012-11-13,0.0018426391799213349
2012-11-14,0.00027610326437432775
2012-11-15,-0.0010127515481466176
2012-11-16,0.0003683919732209162
2012-11-19,0.0007363770583124207
2012-11-20,-0.0019341475060210556
2012-11-21,-0.0016608234118375975
2012-11-23,0.0006462035766059415
2012-11-26,0.00027681661076428554
2012-11-27,0.0013829348075997672
2012-11-28,0.0001842468913553219
2012-11-29,0.001196778048481839
2012-11-30,-0.00046012976470954925
2012-12-03,9.204289205300142e-05
2012-12-04,0.0006440631404496244
2012-12-05,0.0009193712148904964
2012-12-06,-9.18990948584053e-05
2012-12-07,-0.0009194557470122433
2012-12-10,0.00018395879374999424
2012-12-11,-0.0003679514345629187
2012-12-12,-0.002763959747436928
2012-12-13,-0.0016620502441018203
2012-12-14,0.0018465520896437937
2012-12-17,-0.0024011832741326344
2012-12-18,-0.002406962835819648
2012-12-19,0.0017595040886950741
2012-12-20,9.251977616830942e-05
2012-12-21,0.0009247272713706067
2012-12-24,0.0
2012-12-26,0.0013854895302705117
2012-12-27,0.0005536587757930533
2012-12-28,0.00156703723821483
2012-12-31,-0.0018438283088570984
2013-01-02,-0.0012003140723715333
2013-01-03,-0.002497573103482864
2013-01-04,0.001110802669062494
2013-01-07,-0.0005552470992178371
2013-01-08,0.0009252406285513715
2013-01-09,-0.0007401240045501467
2013-01-10,-9.255402848040717e-05
2013-01-11,0.0010176234746532842
2013-01-14,0.0008318314634641055
2013-01-15,0.00027712346027453094
2013-01-16,0.0005540166346698072
2013-01-17,-0.002125399312314258
2013-01-18,0.0011094675694272027
2013-01-22,-0.00046212857239158467
2013-01-23,0.0010164011039028864
2013-01-24,-0.0012937807922419609
2013-01-25,-0.0024998855665208097
2013-01-28,-0.0013915304439393594
2013-01-29,-0.000650044133026384
2013-01-30,-0.00046457608268823947
2013-01-31,0.0009289364346587448
2013-02-01,-0.0022308988616677183
2013-02-04,0.0028806413080655346
2013-02-05,-0.0021364552272080672
2013-02-06,0.0017652255245685922
2013-02-07,0.0003712297026394751
2013-02-08,0.0002783318661565559
2013-02-11,-0.0010209291341078952
2013-02-12,-0.00018573551316336534
2013-02-13,-0.0010221624269615148
2013-02-14,0.0018577007014446423
2013-02-15,9.279450663157718e-05
2013-02-19,-0.0012070007500355473
2013-02-20,0.0006501045039737363
2013-02-21,0.000556896246061811
2013-02-22,0.0005565862852403569
2013-02-25,0.0037950709685512507
2013-02-26,-0.0002772002789752648
2013-02-27,0.0002772002789752648
2013-02-28,0.0008311400949443382
2013-03-01,0.00036917397742719515
2013-03-04,-0.0007384842946152048
2013-03-05,-0.0007390300567315933
2013-03-06,-0.0011095701554451054
2013-03-07,-0.0021301235190307466
2013-03-08,-0.0028782341953421664
2013-03-11,0.0005577244985621732
2013-03-12,0.0017640782625960583
2013-03-13,-0.0007423905314984935
2013-03-14,0.0010206449505822945
2013-03-15,0.0009269559432745211
2013-03-18,0.0009260974916385223
2013-03-19,0.0014799743705884438
2013-03-20,-0.0011097753844078184
2013-03-21,0.0001850481130372117
2013-03-22,0.00036999352933353435
2013-03-25,-0.00036999352933353435
2013-03-26,0.0012019787864776532
2013-03-27,0.0020308324158753166
2013-03-28,0.0
2013-04-01,0.0009217440047937231
2013-04-02,-0.001106194803066174
2013-04-03,0.001106194803066174
2013-04-04,0.002760145279786741
2013-04-05,0.0029357819250925843
2013-04-08,-0.0017420808513426422
2013-04-09,0.00036700615147200466
2013-04-10,-0.0021121271454527246
2013-04-11,0.00018384042702823677
2013-04-12,0.0033033614182951254
2013-04-15,0.0004579383694993666
2013-04-16,0.0
2013-04-17,0.0
2013-04-18,-0.00018315018366266145
2013-04-19,9.157928483016775e-05
2013-04-22,0.00118976813558902
2013-04-23,-0.00045743562391376
2013-04-24,-0.00018303285490794963
2013-04-25,-0.00036616624356433647
2013-04-26,0.002012257150232344
2013-04-29,0.000639415413427713
2013-04-30,-0.00018264840233417345
2013-05-01,0.0004565584702413972
2013-05-02,9.128668590019373e-05
2013-05-03,-0.0036579830455218953
2013-05-06,-0.001650468007158068
2013-05-07,-0.0005507619012004028
2013-05-08,0.0009177680526724075
2013-05-09,-0.0013769681342132856
2013-05-10,-0.001930946303614789
2013-05-13,-0.0009208103781386257
2013-05-14,-0.0023980826840119818
2013-05-15,0.0014764236325950364
2013-05-16,0.002762432695909922
2013-05-17,-0.0024858457767082953
2013-05-20,-0.0010145262571814584
2013-05-21,0.00083014347801047
2013-05-22,-0.003324716767751923
2013-05-23,-0.0003700962292425558
2013-05-24,0.0
2013-05-28,-0.0062195605457944225
2013-05-29,0.0013958035114072231
2013-05-30,-0.000279004884395917
2013-05-31,-0.0019552168604839437
2013-06-03,0.00046587468813719113
2013-06-04,-0.0021448229418723486
2013-06-05,-0.0005602764176817487
2013-06-06,0.002518775528197459
2013-06-07,-0.003079366031527364
2013-06-10,-0.0020581913898656268
2013-06-11,9.36461114138254e-05
2013-06-12,-0.0016869732210702537
2013-06-13,0.004959074490430204
2013-06-14,0.00027996827209175734
2013-06-17,-0.0007467563121217324
2013-06-18,-0.0003735873770924769
2013-06-19,-0.006748549372696644
2013-06-20,-0.006699718384207465
2013-06-21,-0.005601723644103274
2013-06-24,-0.004006874279014916
2013-06-25,0.001050972245975501
2013-06-26,0.0042879669302919865
2013-06-27,0.004174975226446165
2013-06-28,9.468352040453709e-05
2013-07-01,0.0014191780611740867
2013-07-02,0.0
2013-07-03,-0.0014191780611740867
2013-07-05,-0.011043524270634819
2013-07-08,0.00525136070974952
2013-07-09,0.0009518371173609097
2013-07-10,-0.002572042380057482
2013-07-11,0.006654649522316092
2013-07-12,-0.0011376565504610525
2013-07-15,0.00217937263500545
2013-07-16,0.0016077934139193673
2013-07-17,0.0020768439448390907
2013-07-18,-0.00188786161412402
2013-07-19,0.002642009462838324
2013-07-22,0.001318391753258652
2013-07-23,-0.0005648122149590762
2013-07-24,-0.003301111226964082
2013-07-25,0.00037782186148849206
2013-07-26,-0.00028335301252102596
2013-07-29,0.0
2013-07-30,-0.0002834333242089926
2013-07-31,0.0006612195017279276
2013-08-01,-0.005586871214855016
2013-08-02,0.0033180103436638575
2013-08-05,0.00047310404440192855
2013-08-06,-0.0010411245084105403
2013-08-07,0.00132487953514282
2013-08-08,0.001417568635059041
2013-08-09,0.0006608449615059797
2013-08-12,-0.0006608449615059797
2013-08-13,-0.004069085340039358
2013-08-14,-0.0012334552538728616
2013-08-15,-0.0036142325818087073
2013-08-16,-0.0028625973746327915
2013-08-19,-0.003062496412130855
2013-08-20,0.002871364913077379
2013-08-21,-0.0036384567140448354
2013-08-22,0.001246225536356782
2013-08-23,0.0032520353863771945
2013-08-26,0.0018127181417497695
2013-08-27,0.0026653990077880607
2013-08-28,-0.0019031312243322773
2013-08-29,0.0019981927767593888
2013-08-30,-0.001617276668925527
2013-09-03,-0.002478552269810308
2013-09-04,-0.001432733422408461
2013-09-05,-0.0067133655801212555
2013-09-06,0.0036499896443826785
2013-09-09,0.0020113985996852435
2013-09-10,-0.0018196624280690799
2013-09-11,0.0034449794836026726
2013-09-12,-0.0011470083459794722
2013-09-13,0.0014335549834045835
2013-09-16,0.0020988368704486504
2013-09-17,0.0009525624648647479
2013-09-18,0.008343653220893366
2013-09-19,-0.0012282112177439686
2013-09-20,0.0
2013-09-23,0.0007560007920082157
2013-09-24,0.002358825455656799
2013-09-25,0.001412629137298893
2013-09-26,-0.00018823529467404398
2013-09-27,0.0005645996197785053
2013-09-30,-0.0008470190144533873
2013-10-01,-0.0007535085597174529
2013-10-02,0.0013182676108725033
2013-10-03,0.0007525162616426329
2013-10-04,-0.0008466206234487572
2013-10-07,-0.00018823529467404398
2013-10-08,-0.0004707433123689597
2013-10-09,-0.0007536505302558894
2013-10-10,0.0011302629064235958
2013-10-11,0.0003764705926814216
2013-10-14,-0.0018837718672246595
2013-10-15,-0.00047149795771872505
2013-10-16,0.004235499766855
2013-10-17,0.0028137328636956838
2013-10-18,0.0016844473382038316
2013-10-21,-0.0009354537632582094
2013-10-22,0.003550078466897588
2013-10-23,-0.00027981159535261924
2013-10-24,-0.00037320396029372205
2013-10-25,0.00037320396029372205
2013-10-28,-0.00046652671711555627
2013-10-29,0.001212517053836848
2013-10-30,-0.0018660203212705895
2013-10-31,9.338376063183773e-05
2013-11-01,-0.00243081645498755
2013-11-04,0.0010291435627891588
2013-11-05,-0.002996818125970968
2013-11-06,0.0015931777888393839
2013-11-07,0.0007488533533512864
2013-11-08,-0.006194876203356792
2013-11-11,-0.0005650781841834984
2013-11-12,-0.00037689626376646856
2013-11-13,0.0025412974286727064
2013-11-14,0.0030972853143023116
2013-11-15,0.000281096277324977
2013-11-18,0.001965464622616153
2013-11-19,-0.0027152303559585533
2013-11-20,-0.002816638797637161
2013-11-21,0.001033688951696199
2013-11-22,0.0014078560680994556
2013-11-25,0.0007500469130929943
2013-11-26,0.0002811226181655968
2013-11-27,0.00046836214616696736
2013-11-29,0.00037453183958380265
2013-12-02,-0.003751645743400367
2013-12-03,0.0012208293764022216
2013-12-04,-0.0026313331600222867
2013-12-05,-0.00216664396377908
2013-12-06,0.0016960335734284016
2013-12-09,0.0012231266519933115
2013-12-10,0.0015972192994855305
2013-12-11,-0.0015972192994855305
2013-12-12,-0.001505599230491761
2013-12-13,0.0004707433123689597
2013-12-16,0.0007527286768667096
2013-12-17,0.0016915707444900008
2013-12-18,-0.0004695938099912311
2013-12-19,-0.001692365954885311
2013-12-20,0.001692365954885311
2013-12-23,-0.0004698144319448261
2013-12-24,-0.0014107691030176284
2013-12-26,-0.0005648653887719846
2013-12-27,0.0003766123761677065
2013-12-30,0.000940910871072731
2013-12-31,-0.000940910871072731
2014-01-02,0.0006587305559797585
2014-01-03,0.00037622272829018755
2014-01-06,0.0013156660106643514
2014-01-07,0.0004694615362499377
2014-01-08,-0.003008369289657864
2014-01-09,0.0014113000413704668
2014-01-10,0.005064251656180296
2014-01-13,0.0009350164309065434
2014-01-14,-0.001496446220145664
2014-01-15,-0.0008427361330261007
2014-01-16,0.002339182353171765
2014-01-17,0.0004671805737856971
2014-01-21,0.00046696241801136296
2014-01-22,-0.002149834916897575
2014-01-23,0.0026165793827805928
2014-01-24,0.0020510915264582152
2014-01-27,-0.0020510915264582152
2014-01-28,0.0016784785738472863
2014-01-29,0.002884125365271828
2014-01-30,0.00018578727410645257
2014-01-31,0.0018559767762695856
2014-02-03,0.003424502397973761
2014-02-04,-0.0024051815480055083
2014-02-05,-0.00250382659670656
2014-02-06,-0.0004643603519705053
2014-02-07,0.0015779462131506605
2014-02-10,0.0010196988137325391
2014-02-11,-0.0019476008938568157
2014-02-12,-0.0016723965618661296
2014-02-13,0.0021364552272080672
2014-02-14,0.0
2014-02-18,0.0006493205552562387
2014-02-19,-0.0007421150618878158
2014-02-20,-0.0005569479397662391
