Date,,1
9/30/2003,-0.006169962,0.993830038
10/1/2003,0.011985985,1.005742069
10/2/2003,0.000776046,1.006522571
10/3/2003,-0.00381187,1.002685838
10/6/2003,0.002657552,1.005350527
10/7/2003,-0.003398874,1.001933467
10/8/2003,-0.002385731,0.999543123
10/9/2003,0.00337857,1.002920149
10/10/2003,0.001469336,1.004393776
10/13/2003,0.001266845,1.005666187
10/14/2003,0.000157806,1.005824887
10/15/2003,-0.00255426,1.003255749
10/16/2003,-0.000554064,1.002699881
10/17/2003,-0.002725658,0.999966865
10/20/2003,0.002000447,1.001967246
10/21/2003,0.001579117,1.00354947
10/22/2003,-0.000458848,1.003088993
10/23/2003,0.000223486,1.003313169
10/24/2003,0.000527191,1.003842106
10/27/2003,-0.000271267,1.003569797
10/28/2003,0.008701072,1.01230193
10/29/2003,-0.001549555,1.010733313
10/30/2003,-0.00029584,1.010434297
10/31/2003,0.00137009,1.011818683
11/3/2003,0.003569874,1.015430748
11/4/2003,-0.001504557,1.013902975
11/5/2003,-0.000746697,1.013145897
11/6/2003,-0.001505842,1.01162026
11/7/2003,-0.002712496,1.008876244
11/10/2003,-0.000566162,1.008305056
11/11/2003,-0.000801758,1.007496639
11/12/2003,0.006212344,1.013755555
11/13/2003,0.006019688,1.019858047
11/14/2003,-0.00601824,1.013720296
11/17/2003,-0.002831971,1.01084947
11/18/2003,-0.002383354,1.008440258
11/19/2003,0.00173461,1.010189509
11/20/2003,-0.002231898,1.007934869
11/21/2003,0.001427709,1.009373907
11/24/2003,0.007096412,1.016536841
11/25/2003,0.003254745,1.019845409
11/26/2003,-0.001368558,1.018449691
11/28/2003,-0.000770425,1.017665052
12/1/2003,0.00369908,1.021429476
12/2/2003,-0.001845672,1.019544253
12/3/2003,-0.000531031,1.019002843
12/4/2003,0.002945848,1.022004671
12/5/2003,-0.00322739,1.018706263
12/8/2003,0.002775563,1.021533746
12/9/2003,-0.007311228,1.014065079
12/10/2003,0.00256722,1.016668408
12/11/2003,0.007091179,1.023877785
12/12/2003,0.001965207,1.025889917
12/15/2003,-0.005041106,1.020718297
12/16/2003,0.003264981,1.024050924
12/17/2003,0.002014885,1.026114269
12/18/2003,0.005584848,1.031844961
12/19/2003,-0.000131199,1.031709585
12/22/2003,0.001477016,1.033233436
12/23/2003,-0.001366511,1.031821511
12/24/2003,-0.001228035,1.030554398
12/26/2003,0.004461806,1.035152532
12/29/2003,0.008679501,1.04413714
12/30/2003,-0.001316248,1.042762796
12/31/2003,0.00187962,1.044722794
1/2/2004,-0.003953223,1.040592771
1/5/2004,0.008583803,1.049525015
1/6/2004,0.00308407,1.052761824
1/7/2004,0.002322325,1.055206679
1/8/2004,0.002037063,1.057356202
1/9/2004,0.000188963,1.057556002
1/12/2004,0.001785867,1.059444657
1/13/2004,-0.001472377,1.057884755
1/14/2004,0.001665216,1.059646362
1/15/2004,0.001330251,1.061055958
1/16/2004,0.004445115,1.065772474
1/20/2004,-0.000896287,1.064817235
1/21/2004,0.007348698,1.072642255
1/22/2004,-0.00193285,1.070568999
1/23/2004,-0.00229591,1.06811107
1/26/2004,-0.003168894,1.064726339
1/27/2004,-0.008632457,1.055535135
1/28/2004,-0.004911451,1.050350926
1/29/2004,0.001280076,1.051695455
1/30/2004,-0.001199763,1.050433671
2/2/2004,0.000566572,1.051028817
2/3/2004,0.001638658,1.052751094
2/4/2004,-0.005486643,1.046975025
2/5/2004,0.000187105,1.04717092
2/6/2004,0.006491347,1.053968469
2/9/2004,-0.00192197,1.051942773
2/10/2004,0.002229387,1.054287961
2/11/2004,0.007963896,1.062684201
2/12/2004,-0.002207501,1.060338324
2/13/2004,-0.000245211,1.060078317
2/17/2004,0.004281032,1.064616546
2/18/2004,-0.002973336,1.061451083
2/19/2004,-0.001525819,1.059831501
2/20/2004,-0.00274635,1.056920833
2/23/2004,-0.001402047,1.055438981
2/24/2004,-0.001512057,1.053843097
2/25/2004,0.003219654,1.057236108
2/26/2004,-0.000476167,1.056732687
2/27/2004,0.001323424,1.058131192
3/1/2004,0.002302134,1.060567152
3/2/2004,-0.005402777,1.054837144
3/3/2004,0.000484888,1.055348622
3/4/2004,0.002912953,1.058422802
3/5/2004,0.004157447,1.062823139
3/8/2004,-0.002621095,1.060037379
3/9/2004,-0.002454572,1.057435441
3/10/2004,-0.009173477,1.047735081
3/11/2004,-0.007730186,1.039635894
3/12/2004,0.00362799,1.043407682
3/15/2004,-0.002660818,1.040631364
3/16/2004,0.003076811,1.043833191
3/17/2004,0.002615986,1.046563844
3/18/2004,-0.001020597,1.045495724
3/19/2004,-0.004347232,1.040950712
3/22/2004,-0.007872436,1.032755894
3/23/2004,-0.000508613,1.03223062
3/24/2004,-0.001569348,1.030610691
3/25/2004,0.00322542,1.033934842
3/26/2004,-0.002340914,1.03151449
3/29/2004,0.006861487,1.038592213
3/30/2004,0.001256069,1.039896756
3/31/2004,0.000307562,1.040216589
4/1/2004,0.002315247,1.042624948
4/2/2004,-0.0011005,1.041477539
4/5/2004,0.003453325,1.0450741
4/6/2004,0.001710054,1.046861233
4/7/2004,-0.005275402,1.041338619
4/8/2004,-0.000327387,1.040997698
4/12/2004,0.001612729,1.042676545
4/13/2004,-0.005776695,1.036653321
4/14/2004,-0.002051761,1.034526356
4/15/2004,-0.00053857,1.03396919
4/16/2004,0.003685251,1.037779626
4/19/2004,-4.80E-05,1.037729837
4/20/2004,-0.008784487,1.028613913
4/21/2004,0.002618193,1.031307022
4/22/2004,0.006119268,1.037617866
4/23/2004,-0.000610173,1.036984739
4/26/2004,-0.002361477,1.034535924
4/27/2004,0.002465364,1.037086431
4/28/2004,-0.008414077,1.028360306
4/29/2004,-0.005166816,1.023046957
4/30/2004,-0.00411676,1.018835319
5/3/2004,0.002186205,1.021062701
5/4/2004,0.001791268,1.022891698
5/5/2004,-0.00027041,1.022615097
5/6/2004,-0.005736701,1.01674866
5/7/2004,-0.011352942,1.005205572
5/10/2004,-0.005381258,0.999796301
5/11/2004,0.005218667,1.005013905
5/12/2004,-6.74E-05,1.004946143
5/13/2004,-0.000558789,1.004384591
5/14/2004,-0.000454313,1.003928286
5/17/2004,-0.00792811,0.995969033
5/18/2004,0.004320923,1.000272538
5/19/2004,-0.00228592,0.997985995
5/20/2004,0.001830352,0.99981266
5/21/2004,0.00024639,1.000059004
5/24/2004,0.001503555,1.001562647
5/25/2004,0.004356261,1.005925715
5/26/2004,0.001884315,1.007821196
5/27/2004,0.005294047,1.013156649
5/28/2004,-0.002081942,1.011047316
6/1/2004,-8.60E-05,1.010960336
6/2/2004,0.000768283,1.011737039
6/3/2004,-0.004169241,1.007518864
6/4/2004,0.002065515,1.009599909
6/7/2004,0.005788419,1.015443896
6/8/2004,-0.000820867,1.014610352
6/9/2004,-0.003415422,1.01114503
6/10/2004,0.001539934,1.012702127
6/14/2004,-0.005411374,1.007222017
6/15/2004,0.006507306,1.013776318
6/16/2004,0.000412244,1.014194242
6/17/2004,0.000372285,1.014571811
6/18/2004,0.002042519,1.016644093
6/21/2004,-0.001451836,1.015168093
6/22/2004,0.000816957,1.015997441
6/23/2004,0.003499064,1.019552481
6/24/2004,0.002059413,1.021652161
6/25/2004,-0.001833876,1.019778578
6/28/2004,-0.002703648,1.017021455
6/29/2004,-1.73E-05,1.017003853
6/30/2004,0.004344596,1.021422324
7/1/2004,-0.007804219,1.013450921
7/2/2004,-0.000835097,1.012604591
7/6/2004,-0.006067301,1.006460814
7/7/2004,0.000398989,1.006862381
7/8/2004,-0.004959059,1.001869292
7/9/2004,-0.000147955,1.00172106
7/12/2004,0.002141033,1.003865778
7/13/2004,-0.000245251,1.003619578
7/14/2004,-0.002384003,1.001226946
7/15/2004,-0.00266978,0.99855389
7/16/2004,0.003643824,1.002192445
7/19/2004,-0.001008094,1.001182141
7/20/2004,-0.00029099,1.000890807
7/21/2004,-0.011300197,0.989580544
7/22/2004,0.002408804,0.991964249
7/23/2004,-0.004395108,0.987604459
7/26/2004,-0.002799751,0.984839412
7/27/2004,0.006857583,0.99159303
7/28/2004,0.001080578,0.992664524
7/29/2004,-0.000568679,0.992100016
7/30/2004,0.004824904,0.996886804
8/2/2004,0.002060623,0.998941011
8/3/2004,-0.002475325,0.996468308
8/4/2004,0.001517025,0.997979976
8/5/2004,-0.005188749,0.992801708
8/6/2004,-0.001785213,0.991029345
8/9/2004,0.000893751,0.991915078
8/10/2004,0.005998912,0.99786549
8/11/2004,-0.000325241,0.997540943
8/12/2004,-0.004713115,0.992839417
8/13/2004,0.001688137,0.994515467
8/16/2004,0.007167806,1.001643961
8/17/2004,0.002569307,1.004217492
8/18/2004,0.007790334,1.012040681
8/19/2004,0.001294871,1.013351144
8/20/2004,0.001679093,1.015052655
8/23/2004,-0.001265927,1.013767672
8/24/2004,0.000370233,1.014143002
8/25/2004,0.004376331,1.018581227
8/26/2004,0.000927832,1.019526299
8/27/2004,0.001604287,1.021161912
8/30/2004,-0.000616802,1.020532058
8/31/2004,0.002562084,1.023146746
9/1/2004,0.002905536,1.026119536
9/2/2004,0.003017193,1.029215537
9/3/2004,-0.002680491,1.026456733
9/7/2004,0.002917792,1.02945172
9/8/2004,-0.003081215,1.026279758
9/9/2004,-0.000217517,1.026056525
9/10/2004,0.003152045,1.029290702
9/13/2004,0.001129199,1.030452976
9/14/2004,0.001820826,1.032329252
9/15/2004,-0.003706514,1.028502909
9/16/2004,0.002896735,1.03148221
9/17/2004,0.001188157,1.032707773
9/20/2004,-0.00100654,1.031668311
9/21/2004,0.001648363,1.033368874
9/22/2004,-0.007096733,1.026035331
9/23/2004,-0.003853065,1.02208195
9/24/2004,0.001235862,1.023345102
9/27/2004,-0.003558605,1.019703421
9/28/2004,0.003620898,1.023395663
9/29/2004,0.001798512,1.025236253
9/30/2004,0.000849856,1.026107556
10/1/2004,0.010067449,1.036437842
10/4/2004,0.001638637,1.038136188
10/5/2004,-0.000312143,1.03781214
10/6/2004,0.003271715,1.041207565
10/7/2004,-0.008176903,1.032693712
10/8/2004,-0.001310389,1.031340482
10/11/2004,0.001435794,1.032821275
10/12/2004,-0.001643858,1.031123464
10/13/2004,-0.000433692,1.030676274
10/14/2004,-0.002022449,1.028591783
10/15/2004,0.001798157,1.030441353
10/18/2004,0.001702234,1.032195406
10/19/2004,-0.006523424,1.025461957
10/20/2004,0.002721966,1.02825323
10/21/2004,-0.000600819,1.027635436
10/22/2004,-0.007360255,1.020071776
10/25/2004,0.000263842,1.020340914
10/26/2004,0.001806002,1.022183652
10/27/2004,0.005870755,1.028184641
10/28/2004,0.001377414,1.029600878
10/29/2004,0.002587221,1.032264683
11/1/2004,-0.001224821,1.031000344
11/2/2004,-0.000324173,1.030666121
11/3/2004,0.005060174,1.035881471
11/4/2004,0.012856966,1.049199764
11/5/2004,0.001334542,1.050599966
11/8/2004,-0.003328954,1.047102567
11/9/2004,0.0001412,1.047250418
11/10/2004,-0.00105081,1.046149957
11/11/2004,0.004572841,1.050933834
11/12/2004,0.00404113,1.055180794
11/15/2004,0.0002243,1.055417471
11/16/2004,-0.004696659,1.050460535
11/17/2004,0.003193641,1.053815329
11/18/2004,0.001016958,1.054887015
11/19/2004,-0.004620813,1.05001258
11/22/2004,0.004295447,1.054522854
11/23/2004,-0.000538835,1.05395464
11/24/2004,0.002104642,1.056172837
11/26/2004,-0.001609651,1.054472767
11/29/2004,-0.003392904,1.050895042
11/30/2004,-0.000504647,1.050364711
12/1/2004,0.001548395,1.051991091
12/2/2004,-0.000124707,1.0518599
12/3/2004,0.002955303,1.054968465
12/6/2004,-4.31E-05,1.054923047
12/7/2004,-0.005526979,1.04909251
12/8/2004,0.004079469,1.05337225
12/9/2004,-0.001343228,1.051957331
12/10/2004,-0.001189117,1.050706431
12/13/2004,0.00535156,1.056329349
12/14/2004,0.002884839,1.059376689
12/15/2004,0.002089153,1.06158989
12/16/2004,-0.003636582,1.057729331
12/17/2004,-0.005822937,1.051570239
12/20/2004,0.000864524,1.052479347
12/21/2004,0.006120878,1.058921445
12/22/2004,0.002474165,1.061541391
12/23/2004,0.000494519,1.062066343
12/27/2004,-0.004060553,1.057753766
12/28/2004,0.002143534,1.060021097
12/29/2004,-0.000218186,1.059789816
12/30/2004,0.00084056,1.060680633
12/31/2004,-0.000116499,1.060557064
1/3/2005,-0.003490112,1.056855602
1/4/2005,-0.008214505,1.048174056
1/5/2005,-0.001774019,1.046314575
1/6/2005,0.001850287,1.048250557
1/7/2005,-0.000783705,1.047429038
1/10/2005,0.000488741,1.047940959
1/11/2005,-0.002037096,1.045806202
1/12/2005,0.001973391,1.047869987
1/13/2005,-0.003637175,1.044058701
1/14/2005,-0.000235001,1.043813346
1/18/2005,0.007463884,1.051604248
1/19/2005,-0.001130537,1.050415371
1/20/2005,-0.002390695,1.047904148
1/21/2005,-0.001449377,1.04638534
1/24/2005,-0.001401721,1.0449186
1/25/2005,-0.000856864,1.044023247
1/26/2005,0.002020333,1.046132522
1/27/2005,-0.000378641,1.045736413
1/28/2005,0.000762453,1.046533737
1/31/2005,0.004223864,1.050954154
2/1/2005,0.002433586,1.053511741
2/2/2005,0.001506767,1.055099138
2/3/2005,-0.001650923,1.05335725
2/4/2005,0.008028784,1.061814427
2/7/2005,-0.000285156,1.061511644
2/8/2005,0.000532996,1.062077426
2/9/2005,-0.000216651,1.061847325
2/10/2005,-0.002390498,1.059308982
2/11/2005,0.003336883,1.062843771
2/14/2005,0.000498548,1.06337365
2/15/2005,0.0004246,1.063825158
2/16/2005,-0.000771357,1.06300457
2/17/2005,-0.003390675,1.059400266
2/18/2005,0.000446476,1.059873263
2/22/2005,-0.012527409,1.046595798
2/23/2005,0.002607178,1.049324459
2/24/2005,0.005128632,1.054706058
2/25/2005,0.004217513,1.059154295
2/28/2005,-0.004947945,1.053913658
3/1/2005,0.000904231,1.05486664
3/2/2005,-0.001129355,1.053675321
3/3/2005,0.00045673,1.054156566
3/4/2005,0.005915115,1.060392023
3/7/2005,0.001149081,1.061610499
3/8/2005,-0.003658417,1.057726685
3/9/2005,-0.008216665,1.0490357
3/10/2005,0.001437386,1.050543569
3/11/2005,-0.002238779,1.048191634
3/14/2005,0.003756563,1.052129232
3/15/2005,-0.004753809,1.047127611
3/16/2005,-0.001404405,1.04565702
3/17/2005,0.001402214,1.047123255
3/18/2005,-0.000591405,1.04650398
3/21/2005,-0.003198295,1.043156952
3/22/2005,-0.007666139,1.035159967
3/23/2005,0.000998637,1.036193715
3/24/2005,-0.000661673,1.035508094
3/28/2005,5.03E-05,1.035560208
3/29/2005,-0.002146626,1.033337247
3/30/2005,0.007825241,1.04142336
3/31/2005,-6.73E-05,1.041353249
4/1/2005,0.00158054,1.04299915
4/4/2005,0.000325516,1.043338662
4/5/2005,0.00148382,1.044886789
4/6/2005,0.0023538,1.047346244
4/7/2005,0.00358164,1.051097461
4/8/2005,-0.004473038,1.046395862
4/11/2005,0.000653308,1.047079481
4/12/2005,0.004376185,1.051661695
4/13/2005,-0.005560591,1.045813835
4/14/2005,-0.004267114,1.041351228
4/15/2005,-0.008368684,1.032636489
4/18/2005,0.001489213,1.034174305
4/19/2005,0.003966455,1.038276311
4/20/2005,-0.00488325,1.033206148
4/21/2005,0.014945225,1.048647646
4/22/2005,-0.002622761,1.045897294
4/25/2005,0.005835043,1.05200015
4/26/2005,-0.004945045,1.046797962
4/27/2005,0.004033792,1.051020527
4/28/2005,-0.007554812,1.043080265
4/29/2005,0.00557854,1.048899129
5/2/2005,0.002414286,1.051431472
5/3/2005,-0.000723877,1.050670366
5/4/2005,0.000398968,1.05108955
5/5/2005,-0.000407344,1.050661395
5/6/2005,-0.002113461,1.048440863
5/9/2005,0.002971846,1.051556668
5/10/2005,-0.00441319,1.046915948
5/11/2005,0.002414201,1.049443414
5/12/2005,-0.00512673,1.044063201
5/13/2005,-0.001094795,1.042920166
5/16/2005,0.002312082,1.045331483
5/17/2005,0.004480319,1.050014901
5/18/2005,0.006152893,1.05647553
5/19/2005,0.000594239,1.057103329
5/20/2005,-0.001428892,1.055592842
5/23/2005,0.003564461,1.059355462
5/24/2005,0.000750299,1.060150295
5/25/2005,-0.00140998,1.058655504
5/26/2005,0.00403819,1.062930556
5/27/2005,0.000179439,1.063121287
5/31/2005,-0.002854745,1.060086347
6/1/2005,0.008342503,1.068930121
6/2/2005,-0.000147373,1.06877259
6/3/2005,-0.004109526,1.06438044
6/6/2005,0.000766912,1.065196727
6/7/2005,0.000522561,1.065753357
6/8/2005,-0.00198692,1.063635791
6/9/2005,0.00345904,1.06731495
6/10/2005,-0.003109704,1.063995917
6/13/2005,0.000119989,1.064123585
6/14/2005,0.000275851,1.064417125
6/15/2005,0.000899102,1.065374145
6/16/2005,0.003413408,1.069010701
6/17/2005,0.002725411,1.071924195
6/20/2005,-0.001366236,1.070459693
6/21/2005,0.001079705,1.071615474
6/22/2005,0.002368572,1.074153672
6/23/2005,-0.005804659,1.067918575
6/24/2005,-0.004186679,1.063447544
6/27/2005,-0.000212666,1.063221384
6/28/2005,0.000106982,1.06333513
6/29/2005,-0.001074426,1.062192655
6/30/2005,-0.004019691,1.057922969
7/1/2005,-0.002339374,1.055448092
7/5/2005,0.001141002,1.05665236
7/6/2005,-0.002948312,1.053537019
7/7/2005,0.001639227,1.055264005
7/8/2005,0.005219191,1.060771629
7/11/2005,0.003034889,1.063990954
7/12/2005,0.00126082,1.065332455
7/13/2005,-0.00010791,1.065217495
7/14/2005,0.001106599,1.066396264
7/15/2005,0.000466312,1.066893537
7/18/2005,-0.002575099,1.064146181
7/19/2005,0.005532141,1.070033188
7/20/2005,0.002982223,1.073224265
7/21/2005,-0.005520642,1.067299379
7/22/2005,0.004315304,1.0719051
7/25/2005,-0.000937926,1.070899732
7/26/2005,0.001473211,1.072477393
7/27/2005,0.001177979,1.073740749
7/28/2005,0.004508723,1.078581948
7/29/2005,-0.004922674,1.073272441
8/1/2005,0.000474505,1.073781714
8/2/2005,0.001121406,1.074985859
8/3/2005,0.000993581,1.076053945
8/4/2005,-0.004397524,1.071321972
8/5/2005,-0.006168323,1.064713713
8/8/2005,-0.001337319,1.063289851
8/9/2005,0.003018761,1.066499669
8/10/2005,-0.00085135,1.065591705
8/11/2005,0.005040309,1.070962616
8/12/2005,-0.001985223,1.068836517
8/15/2005,-0.000115836,1.068712707
8/16/2005,-0.005024815,1.063342623
8/17/2005,-0.00024893,1.063077926
8/18/2005,0.000982549,1.064122452
8/19/2005,-1.07E-05,1.064111111
8/22/2005,0.001285742,1.065479284
8/23/2005,-0.001738694,1.063626741
8/24/2005,-0.000954345,1.062611675
8/25/2005,0.001172804,1.06385791
8/26/2005,-0.004030582,1.059569943
8/29/2005,0.004080233,1.063893235
8/30/2005,0.000690166,1.064627498
8/31/2005,0.008321537,1.073486835
9/1/2005,0.001303021,1.074885611
9/2/2005,-0.002205996,1.072514417
9/6/2005,0.004479057,1.077318271
9/7/2005,0.001503401,1.078937912
9/8/2005,-0.00181756,1.076976878
9/9/2005,0.002968956,1.080174375
9/12/2005,-0.001045171,1.079045408
9/13/2005,-0.002144473,1.076731425
9/14/2005,-0.002021174,1.074555163
9/15/2005,-0.000857847,1.073633359
9/16/2005,0.000936939,1.074639288
9/19/2005,-0.00321198,1.071187568
9/20/2005,-0.004670108,1.066185006
9/21/2005,-0.00209402,1.063952393
9/22/2005,0.001605933,1.06566103
9/23/2005,-0.000517994,1.065109024
9/26/2005,-0.001111456,1.063925202
9/27/2005,-0.000289472,1.063617226
9/28/2005,0.001863581,1.065599363
9/29/2005,0.004180321,1.070053909
9/30/2005,7.08E-05,1.07012965
10/3/2005,-0.003269464,1.066630899
10/4/2005,-0.004499623,1.061831462
10/5/2005,-0.009215249,1.05204642
10/6/2005,-0.002782868,1.049118714
10/7/2005,0.001710062,1.050912772
10/10/2005,-0.002919784,1.047844334
10/11/2005,-0.002742718,1.044970393
10/12/2005,-0.003457574,1.04135733
10/13/2005,-0.001648197,1.039640968
10/14/2005,0.004949127,1.044786283
10/17/2005,0.002559742,1.047460667
10/18/2005,-0.002287025,1.045065098
10/19/2005,0.007380019,1.052777698
10/20/2005,-0.006682368,1.04574265
10/21/2005,0.002126334,1.047966248
10/24/2005,0.009996168,1.058441895
10/25/2005,-0.002689858,1.055594837
10/26/2005,-0.004234057,1.051125388
10/27/2005,-0.000173291,1.050943238
10/28/2005,0.011031696,1.062536924
10/31/2005,0.003357794,1.066104704
11/1/2005,-0.000574652,1.065492064
11/2/2005,0.002774197,1.068447949
11/3/2005,0.000780247,1.069281601
11/4/2005,0.000512535,1.069829646
11/7/2005,0.000834921,1.070722869
11/8/2005,0.001158974,1.07196381
11/9/2005,-0.000425359,1.071507841
11/10/2005,0.005785613,1.077707171
11/11/2005,0.001866508,1.079718719
11/14/2005,-0.002465298,1.077056891
11/15/2005,-0.002080256,1.074816337
11/16/2005,0.002082858,1.077055026
11/17/2005,0.006723629,1.084296745
11/18/2005,0.002958135,1.087504241
11/21/2005,0.003857331,1.091699105
11/22/2005,0.003077258,1.095058544
11/23/2005,0.002576709,1.097880192
11/25/2005,0.00134304,1.099354689
11/28/2005,-0.005740202,1.093044171
11/29/2005,-0.000611441,1.092375839
11/30/2005,-0.004149454,1.087843076
12/1/2005,0.004116815,1.092321525
12/2/2005,8.98E-05,1.092419616
12/5/2005,-0.000880888,1.091457317
12/6/2005,0.001453987,1.093044282
12/7/2005,-0.002768199,1.090018518
12/8/2005,0.000799289,1.090889758
12/9/2005,-0.000520002,1.090322492
12/12/2005,-0.000273833,1.090023926
12/13/2005,0.004348935,1.09476437
12/14/2005,0.003139373,1.098201243
12/15/2005,-0.001186207,1.096898549
12/16/2005,-0.00104379,1.095753617
12/19/2005,-0.00096977,1.094690988
12/20/2005,8.76E-05,1.09478684
12/21/2005,0.001382823,1.096300737
12/22/2005,0.003007911,1.099598311
12/23/2005,0.001404299,1.101142476
12/27/2005,-0.004376357,1.096323483
12/28/2005,-0.001404366,1.094783844
12/29/2005,-0.001639757,1.092988665
12/30/2005,-0.002066028,1.09073052
1/3/2006,0.005068768,1.09625918
1/4/2006,0.003554004,1.10015529
1/5/2006,7.52E-06,1.100163558
1/6/2006,0.003408213,1.103913149
1/9/2006,0.002343961,1.106500679
1/10/2006,-0.000812857,1.105601252
1/11/2006,0.001331451,1.107073306
1/12/2006,0.001114928,1.108307612
1/13/2006,0.001939088,1.110456718
1/17/2006,-0.000599793,1.109790674
1/18/2006,-0.000424312,1.109319777
1/19/2006,-0.000175716,1.109124852
1/20/2006,-0.007893267,1.100370233
1/23/2006,0.000899214,1.101359702
1/24/2006,0.000679043,1.102107572
1/25/2006,-0.002262852,1.099613666
1/26/2006,0.000843808,1.100541528
1/27/2006,0.006110256,1.107266119
1/30/2006,0.000651004,1.107986953
1/31/2006,-0.001460565,1.106368667
2/1/2006,-0.000964078,1.105302041
2/2/2006,-0.003298537,1.101656161
2/3/2006,-0.001032471,1.100518733
2/6/2006,0.000219007,1.100759754
2/7/2006,-0.005773762,1.09440423
2/8/2006,0.003866978,1.098636267
2/9/2006,-0.000499056,1.098087986
2/10/2006,-0.001112979,1.096865837
2/13/2006,-0.000238339,1.096604411
2/14/2006,0.002443583,1.099284056
2/15/2006,0.002931631,1.102506751
2/16/2006,0.0017779,1.104466898
2/17/2006,0.001268821,1.105868269
2/21/2006,-0.003493849,1.102004532
2/22/2006,0.00554991,1.108120558
2/23/2006,-0.002695562,1.10513355
2/24/2006,0.001026281,1.106267728
2/27/2006,0.001430971,1.107850765
2/28/2006,-0.005015998,1.102293788
3/1/2006,0.003020266,1.105623009
3/2/2006,-0.002034656,1.103373446
3/3/2006,-0.001880487,1.101298566
3/6/2006,-0.006124999,1.094553114
3/7/2006,0.00085182,1.095485476
3/8/2006,0.001544197,1.097177121
3/9/2006,-0.002924977,1.093967903
3/10/2006,0.004255238,1.098622997
3/13/2006,0.00195982,1.1007761
3/14/2006,0.006250781,1.10765681
3/15/2006,-0.000270508,1.107357181
3/16/2006,0.003201305,1.110902168
3/17/2006,-0.000521873,1.110322418
3/20/2006,-0.000922328,1.109298337
3/21/2006,-0.004493594,1.104313601
3/22/2006,0.004345711,1.109112628
3/23/2006,-0.001483352,1.107467424
3/24/2006,0.001353679,1.108966579
3/27/2006,7.74E-05,1.109052418
3/28/2006,-0.005886142,1.102524378
3/29/2006,0.003515225,1.106399999
3/30/2006,-0.003131471,1.10293534
3/31/2006,0.000466215,1.103449544
4/3/2006,0.000424474,1.10391793
4/4/2006,0.004281854,1.108644746
4/5/2006,0.002650316,1.111583004
4/6/2006,-0.001149351,1.110305405
4/7/2006,-0.006348491,1.103256641
4/10/2006,-0.00039137,1.102824859
4/11/2006,-0.006334589,1.095838917
4/12/2006,-0.000497435,1.095293808
4/13/2006,-0.00011524,1.095167586
4/17/2006,-0.001421612,1.093610683
4/18/2006,0.009455803,1.10395165
4/19/2006,0.001376425,1.105471157
4/20/2006,0.0006891,1.106232937
4/21/2006,-0.00013687,1.106081527
4/24/2006,0.001369472,1.107596275
4/25/2006,-0.003861657,1.103319118
4/26/2006,-0.001035524,1.102176605
4/27/2006,0.002804451,1.105267605
4/28/2006,0.001276541,1.106678524
5/1/2006,-0.00406723,1.102177408
5/2/2006,0.003842937,1.106413007
5/3/2006,-0.003207101,1.102864629
5/4/2006,0.001127696,1.104108325
5/5/2006,0.00445308,1.109025008
5/8/2006,-0.00012671,1.108884483
5/9/2006,-0.000224691,1.108635327
5/10/2006,-0.001229746,1.107271987
5/11/2006,-0.008671324,1.097670473
5/12/2006,-0.004706915,1.092503831
5/15/2006,0.001652262,1.094308934
5/16/2006,0.000833157,1.095220665
5/17/2006,-0.007563317,1.086937164
5/18/2006,-0.001823876,1.084954725
5/19/2006,0.001898969,1.08701502
5/22/2006,-0.001075298,1.085846155
5/23/2006,-0.003501129,1.082044468
5/24/2006,0.000980591,1.083105511
5/25/2006,0.002500928,1.08581428
5/26/2006,0.005218564,1.091480672
5/30/2006,-0.00774936,1.083022395
5/31/2006,0.002486503,1.085715333
6/1/2006,0.008997427,1.095483978
6/2/2006,0.004595577,1.100518359
6/5/2006,-0.008889715,1.090735065
6/6/2006,0.001406921,1.092269643
6/7/2006,-0.005536891,1.086221866
6/8/2006,0.002791888,1.089254476
6/9/2006,-0.001458991,1.087665264
6/12/2006,-0.008798246,1.078095717
6/13/2006,-0.006248497,1.07135924
6/14/2006,0.00022647,1.07160187
6/15/2006,0.012741668,1.085255866
6/16/2006,-0.002116297,1.082959142
6/19/2006,-0.005786997,1.076692061
6/20/2006,0.000338202,1.0770562
6/21/2006,0.004504944,1.081908278
6/22/2006,-0.004614242,1.076916091
6/23/2006,0.00047548,1.077428143
6/26/2006,0.000877221,1.078373285
6/27/2006,-0.000127077,1.078236249
6/28/2006,0.002541671,1.080976771
6/29/2006,0.011056445,1.092928532
6/30/2006,-0.000849609,1.09199997
7/3/2006,0.00436294,1.096764301
7/5/2006,-0.00455882,1.091764349
7/6/2006,0.001205042,1.093079971
7/7/2006,-0.002098497,1.090786146
7/10/2006,0.001205462,1.092101047
7/11/2006,0.002352411,1.094670118
7/12/2006,-0.001716317,1.092791317
7/13/2006,-0.007677662,1.084401235
7/14/2006,-0.000309729,1.084065364
7/17/2006,-0.001689192,1.082234169
7/18/2006,0.000795484,1.083095069
7/19/2006,0.012623659,1.096767692
7/20/2006,-0.001377572,1.095256816
7/21/2006,-0.004626738,1.090189349
7/24/2006,0.006890372,1.09770116
7/25/2006,0.003076287,1.101078003
7/26/2006,0.000141507,1.101233814
7/27/2006,-0.000972468,1.100162899
7/28/2006,0.00755952,1.108479603
7/31/2006,-0.001371048,1.106959824
8/1/2006,-0.00126157,1.105563317
8/2/2006,0.002103639,1.107889024
8/3/2006,0.000822313,1.108800056
8/4/2006,-4.76E-05,1.108747252
8/7/2006,-0.001937819,1.1065987
8/8/2006,-0.001358693,1.105095173
8/9/2006,-0.002766234,1.102038221
8/10/2006,0.001984583,1.104225307
8/11/2006,-0.00328654,1.100596227
8/14/2006,-0.000621055,1.099912697
8/15/2006,0.007169153,1.107798139
8/16/2006,0.005553722,1.113950542
8/17/2006,0.000545849,1.11455859
8/18/2006,0.001903757,1.116680439
8/21/2006,-0.000918797,1.115654437
8/22/2006,0.000613009,1.116338344
8/23/2006,-0.001983044,1.114124596
8/24/2006,0.000906204,1.11513422
8/25/2006,0.000262277,1.115426695
8/28/2006,0.002483005,1.118196305
8/29/2006,0.000952034,1.119260867
8/30/2006,0.000969055,1.120345492
8/31/2006,0.000240288,1.120614697
9/1/2006,0.003498982,1.124535707
9/5/2006,0.000704008,1.125327389
9/6/2006,-0.00130711,1.123856463
9/7/2006,-0.002661248,1.120865603
9/8/2006,0.002808561,1.124013623
9/11/2006,4.49E-05,1.124064057
9/12/2006,0.005829896,1.130617233
9/13/2006,0.002750024,1.133726458
9/14/2006,-0.001433694,1.132101041
9/15/2006,0.002044628,1.134415767
9/18/2006,0.000701708,1.135211795
9/19/2006,-0.000697634,1.134419833
9/20/2006,0.004217027,1.139203712
9/21/2006,0.000205371,1.139437671
9/22/2006,-0.001514307,1.137712212
9/25/2006,0.003392321,1.141571697
9/26/2006,0.002718645,1.144675225
9/27/2006,-0.000157952,1.144494421
9/28/2006,0.000467562,1.145029543
9/29/2006,-0.001486038,1.143327986
10/2/2006,-0.001802735,1.141266869
10/3/2006,0.00056008,1.141906069
10/4/2006,0.007035958,1.149940472
10/5/2006,-4.85E-05,1.149884693
10/6/2006,-0.003266828,1.146128218
10/9/2006,0.001464934,1.147807221
10/10/2006,-0.002763192,1.144635609
10/11/2006,-0.001976611,1.142373109
10/12/2006,0.003904815,1.146833866
10/13/2006,-3.69E-05,1.146791571
10/16/2006,0.00227113,1.149396084
10/17/2006,-0.000522618,1.148795389
10/18/2006,0.001227633,1.150205688
10/19/2006,0.000492658,1.150772347
10/20/2006,0.000390279,1.151221469
10/23/2006,0.00271202,1.154343605
10/24/2006,0.000644778,1.1550879
10/25/2006,0.00281167,1.158335626
10/26/2006,0.004010707,1.16298137
10/27/2006,-0.004596282,1.157635979
10/30/2006,0.000301018,1.157984448
10/31/2006,0.001951936,1.16024476
11/1/2006,0.000102442,1.160363618
11/2/2006,-0.000821051,1.1594109
11/3/2006,-0.004174003,1.154571515
11/6/2006,0.005706486,1.161160062
11/7/2006,0.002369215,1.163911099
11/8/2006,0.002402342,1.166707212
11/9/2006,-0.003686375,1.162406291
11/10/2006,0.002050457,1.164789755
11/13/2006,-0.000595994,1.164095547
11/14/2006,0.003069129,1.167668307
11/15/2006,0.0006133,1.168384438
11/16/2006,0.000503415,1.168972621
11/17/2006,0.001787922,1.171062652
11/20/2006,-1.92E-05,1.171040183
11/21/2006,0.001523255,1.172823976
11/22/2006,0.001735,1.174858826
11/24/2006,-0.000853011,1.173856659
11/27/2006,-0.004719124,1.168317083
11/28/2006,0.003020781,1.171846313
11/29/2006,0.003764872,1.176258165
11/30/2006,0.001555502,1.178087836
12/1/2006,-0.001053231,1.176847037
12/4/2006,0.003919862,1.181460115
12/5/2006,0.001698443,1.183466757
12/6/2006,-0.001113869,1.182148531
12/7/2006,-0.002222331,1.179521406
12/8/2006,-0.000509468,1.178920477
12/11/2006,0.00120671,1.180343092
12/12/2006,0.002117176,1.182842087
12/13/2006,-0.001533844,1.181027792
12/14/2006,0.00455796,1.18641087
12/15/2006,0.000464084,1.186961464
12/18/2006,-0.002196777,1.184353975
12/19/2006,0.001455968,1.186078356
12/20/2006,-0.000760081,1.185176841
12/21/2006,-0.000957163,1.184042434
12/22/2006,-0.00259965,1.180964338
12/26/2006,0.001343607,1.182551091
12/27/2006,0.002347096,1.185326652
12/28/2006,-0.001358585,1.183716285
12/29/2006,-0.001497503,1.181943666
1/3/2007,0.001368527,1.183561188
1/4/2007,0.001398356,1.185216229
1/5/2007,-0.003992427,1.180484339
1/8/2007,0.001342094,1.18206866
1/9/2007,-0.000256824,1.181765077
1/10/2007,0.000182941,1.181981271
1/11/2007,0.003273401,1.185850369
1/12/2007,0.000163235,1.186043941
1/16/2007,0.001017978,1.187251308
1/17/2007,-0.00073375,1.186380162
1/18/2007,-0.001873522,1.184157453
1/19/2007,0.000866588,1.18518363
1/22/2007,-0.001271164,1.183677067
1/23/2007,-0.000462511,1.183129603
1/24/2007,0.003612645,1.187403831
1/25/2007,-0.006056229,1.180212641
1/26/2007,-0.000916141,1.1791314
1/29/2007,-0.001191161,1.177726864
1/30/2007,0.002071775,1.18016685
1/31/2007,0.004815784,1.185850278
2/1/2007,0.002728427,1.189085784
2/2/2007,0.001550257,1.190929173
2/5/2007,8.86E-05,1.191034717
2/6/2007,0.001246267,1.192519064
2/7/2007,0.001271686,1.194035575
2/8/2007,0.000279539,1.194369354
2/9/2007,-0.00453806,1.188949234
2/12/2007,-0.001917009,1.186670007
2/13/2007,0.001888527,1.188911066
2/14/2007,0.005338989,1.195258649
2/15/2007,0.001196078,1.196688272
2/16/2007,-0.000446336,1.196154148
2/20/2007,0.002469597,1.199108167
2/21/2007,-0.000764419,1.198191546
2/22/2007,-0.001311204,1.196620472
2/23/2007,-0.001390448,1.194956634
2/26/2007,7.58E-06,1.194965686
2/27/2007,-0.019423534,1.171755229
2/28/2007,0.003399889,1.175739067
3/1/2007,-0.000456365,1.1752025
3/2/2007,-0.005660779,1.168549939
3/5/2007,-0.005912076,1.161641383
3/6/2007,0.005788364,1.168365387
3/7/2007,-0.001292968,1.166854728
3/8/2007,0.003304205,1.170710256
3/9/2007,-0.0015876,1.168851636
3/12/2007,0.002972882,1.172326494
3/13/2007,-0.010333914,1.160211773
3/14/2007,-0.000731992,1.159362508
3/15/2007,0.000645074,1.160110383
3/16/2007,-0.001087947,1.158848244
3/19/2007,0.004909369,1.164537457
3/20/2007,0.002638863,1.167610512
3/21/2007,0.008326846,1.177333025
3/22/2007,-0.000534211,1.17670408
3/23/2007,0.000181532,1.17691769
3/26/2007,-0.000212032,1.176668145
3/27/2007,-0.004567141,1.171294136
3/28/2007,-0.002913292,1.167881814
3/29/2007,0.000347308,1.168287429
3/30/2007,-0.000676985,1.167496516
4/2/2007,0.002250765,1.170124277
4/3/2007,0.002494052,1.173042627
4/4/2007,0.001128815,1.174366776
4/5/2007,-0.000434777,1.173856188
4/9/2007,-0.000744791,1.172981911
4/10/2007,0.001850616,1.175152651
4/11/2007,-0.00398748,1.170466754
4/12/2007,0.00370465,1.174802923
4/13/2007,0.000671278,1.175591543
4/16/2007,0.008285929,1.18533241
4/17/2007,0.002640065,1.188461765
4/18/2007,0.001209226,1.189898884
4/19/2007,-0.000683371,1.189085742
4/20/2007,0.002577111,1.192150148
4/23/2007,0.000963581,1.193298881
4/24/2007,-4.61E-05,1.19324387
4/25/2007,0.006823363,1.201385806
4/26/2007,-0.001419702,1.199680196
4/27/2007,-0.000200045,1.199440206
4/30/2007,-0.002956761,1.195893748
5/1/2007,0.000830603,1.196887061
5/2/2007,0.001913919,1.199177807
5/3/2007,0.002026289,1.201607687
5/4/2007,0.001446826,1.203346204
5/7/2007,0.001983676,1.205733254
5/8/2007,-0.001160532,1.204333962
5/9/2007,0.001164867,1.20573685
5/10/2007,-0.006598717,1.197780534
5/11/2007,0.005042349,1.203820161
5/14/2007,-0.000998472,1.20261818
5/15/2007,-0.00079547,1.201661533
5/16/2007,0.003491524,1.205857164
5/17/2007,-0.001633574,1.203887307
5/18/2007,0.000968052,1.205052733
5/21/2007,0.001779991,1.207197716
5/22/2007,-0.001342669,1.205576849
5/23/2007,-0.000973437,1.204403296
5/24/2007,-0.005931203,1.197259736
5/25/2007,0.002253015,1.19995718
5/29/2007,0.000430154,1.200473347
5/30/2007,0.00401184,1.205289454
5/31/2007,-0.001838128,1.203073978
6/1/2007,-0.000135885,1.202910497
6/4/2007,0.001629993,1.204871233
6/5/2007,-0.005284488,1.198504106
6/6/2007,-0.004793637,1.192758913
6/7/2007,-0.010669929,1.180032259
6/8/2007,0.004318466,1.185128188
6/11/2007,0.000929146,1.186229346
6/12/2007,-0.008536585,1.176102998
6/13/2007,0.009000028,1.186687958
6/14/2007,0.003462505,1.19079687
6/15/2007,0.00438961,1.196024004
6/18/2007,-0.000160525,1.195832012
6/19/2007,0.001989324,1.19821091
6/20/2007,-0.006198758,1.190783491
6/21/2007,0.003907128,1.195436034
6/22/2007,-0.008708867,1.185025141
6/25/2007,-0.001492999,1.1832559
6/26/2007,-0.002045378,1.180835694
6/27/2007,0.006468667,1.188474127
6/28/2007,-0.000635809,1.187718485
6/29/2007,7.77E-05,1.187810725
7/2/2007,0.007140637,1.196292449
7/3/2007,0.001895291,1.198559772
7/5/2007,-0.002890682,1.195095117
7/6/2007,0.000696256,1.195927209
7/9/2007,0.001397903,1.197598999
7/10/2007,-0.006147588,1.190236654
7/11/2007,0.004190775,1.195224668
7/12/2007,0.00940454,1.206465207
7/13/2007,0.002735363,1.209765326
7/16/2007,0.000312802,1.210143744
7/17/2007,-0.000952038,1.208991641
7/18/2007,0.001693489,1.211039056
7/19/2007,0.002345365,1.213879384
7/20/2007,-0.005062432,1.207734202
7/23/2007,0.002579226,1.210849221
7/24/2007,-0.009860771,1.198909314
7/25/2007,0.002135556,1.201469652
7/26/2007,-0.006309318,1.193889198
7/27/2007,-0.007747383,1.184639682
7/30/2007,0.004005776,1.189385083
7/31/2007,-0.009502933,1.178082436
8/1/2007,0.00365915,1.182393217
8/2/2007,0.002110639,1.184888823
8/3/2007,-0.003417942,1.180838942
8/6/2007,0.013040885,1.196238126
8/7/2007,0.004468864,1.201583952
8/8/2007,0.009282426,1.212737566
8/9/2007,-0.016935047,1.192199798
8/10/2007,-0.002481838,1.189240951
8/13/2007,0.000942187,1.190361439
8/14/2007,-0.00355174,1.186133585
8/15/2007,-0.004199509,1.181152406
8/16/2007,0.000957334,1.182283164
8/17/2007,0.019786826,1.205676795
8/20/2007,-0.000612598,1.2049382
8/21/2007,0.002318358,1.207731678
8/22/2007,0.003495533,1.211953344
8/23/2007,-8.72E-05,1.211847669
8/24/2007,0.006041553,1.21916911
8/27/2007,-0.004901987,1.213192759
8/28/2007,-0.013459238,1.196864109
8/29/2007,0.012654723,1.212010093
8/30/2007,-0.001473682,1.210223976
8/31/2007,0.004663227,1.215867524
9/4/2007,0.003995322,1.220725306
9/5/2007,-0.005314392,1.214237894
9/6/2007,0.002602325,1.217397736
9/7/2007,0.000464345,1.217963028
9/10/2007,0.00048995,1.218559769
9/11/2007,0.003902794,1.223315557
9/12/2007,-0.000525118,1.222673172
9/13/2007,0.000784865,1.223632805
9/14/2007,0.000432342,1.224161832
9/17/2007,-0.001313084,1.222554404
9/18/2007,0.020992998,1.248219487
9/19/2007,0.003807614,1.252972225
9/20/2007,-0.006822513,1.244423805
9/21/2007,0.003464915,1.248735628
9/24/2007,-0.003832327,1.243950064
9/25/2007,0.000328587,1.244358811
9/26/2007,0.0036419,1.248890641
9/27/2007,0.00290446,1.252517994
9/28/2007,-0.002346271,1.249579247
10/1/2007,0.005839484,1.256876145
10/2/2007,0.00284255,1.260448878
10/3/2007,-0.002539027,1.257248564
10/4/2007,0.001471389,1.259098466
10/5/2007,0.001451125,1.260925576
10/8/2007,0.001890486,1.263309338
10/9/2007,0.004630153,1.269158653
10/10/2007,-0.000186482,1.268921978
10/11/2007,-0.002261322,1.266052537
10/12/2007,0.001811616,1.268346138
10/15/2007,-0.003597761,1.263782932
10/16/2007,-0.00296799,1.260032037
10/17/2007,0.002660261,1.263384051
10/18/2007,0.001896084,1.265779534
10/19/2007,-0.005618998,1.258667122
10/22/2007,0.001580369,1.26065628
10/23/2007,0.004109868,1.265837411
10/24/2007,0.001232915,1.267398081
10/25/2007,-0.002007687,1.264853542
10/26/2007,0.003879843,1.269760974
10/29/2007,0.002136879,1.2724743
10/30/2007,-0.004113792,1.267239605
10/31/2007,0.003795399,1.272049286
11/1/2007,-0.012487265,1.256164869
11/2/2007,0.000899313,1.257294554
11/5/2007,-0.001841597,1.254979124
11/6/2007,0.002393926,1.25798345
11/7/2007,-0.007992702,1.247928763
11/8/2007,0.000206921,1.248186986
11/9/2007,-0.003971735,1.243229519
11/12/2007,-0.004671436,1.237421851
11/13/2007,0.01064702,1.250596707
11/14/2007,-0.004212241,1.245328892
11/15/2007,-0.005618223,1.238332356
11/16/2007,0.001362719,1.240019855
11/19/2007,-0.013020249,1.223874487
11/20/2007,0.003109391,1.227679992
11/21/2007,-0.005124762,1.221388424
11/23/2007,0.010886962,1.234685634
11/26/2007,-0.010824808,1.221320399
11/27/2007,0.003515374,1.225613797
11/28/2007,0.018334105,1.248084329
11/29/2007,0.001559143,1.250030271
11/30/2007,0.00571279,1.257171431
12/3/2007,0.003167261,1.261153221
12/4/2007,-0.005181114,1.254619042
12/5/2007,0.005859463,1.261970436
12/6/2007,0.003897962,1.266889549
12/7/2007,-0.004591595,1.261072505
12/10/2007,0.003784596,1.265845155
12/11/2007,-0.005960294,1.258300345
12/12/2007,0.00137604,1.260031816
12/13/2007,-0.001513065,1.258125306
12/14/2007,-0.007498294,1.248691512
12/17/2007,-0.005849622,1.241387139
12/18/2007,0.00601971,1.24885993
12/19/2007,0.001424531,1.250638969
12/20/2007,0.001023013,1.251918389
12/21/2007,0.00565576,1.258998939
12/24/2007,0.003863894,1.263863577
12/26/2007,8.08E-05,1.263965678
12/27/2007,-0.00524706,1.257333575
12/28/2007,0.003615376,1.261879309
12/31/2007,-0.001752083,1.259668391
1/2/2008,-0.005357684,1.252919486
1/3/2008,0.000901537,1.254049039
1/4/2008,-0.006780715,1.24554569
1/7/2008,0.002731608,1.248948032
1/8/2008,-0.009259307,1.237383639
1/9/2008,0.004328497,1.24273965
1/10/2008,0.002406274,1.245730022
1/11/2008,-0.007136217,1.236840222
1/14/2008,0.003944403,1.241718818
1/15/2008,-0.01511164,1.22295441
1/16/2008,-0.003926594,1.218152365
1/17/2008,-0.016433845,1.198133438
1/18/2008,-0.005717918,1.191282609
1/22/2008,-0.004245023,1.186225587
1/23/2008,0.008506304,1.196315983
1/24/2008,0.00015525,1.196501711
1/25/2008,-0.008709349,1.18608096
1/28/2008,0.01016326,1.19813541
1/29/2008,0.00127733,1.199665824
1/30/2008,-0.002454253,1.19672154
1/31/2008,0.011968014,1.21104392
2/1/2008,0.001614437,1.212999075
2/4/2008,-0.00478004,1.207200891
2/5/2008,-0.008898471,1.196458649
2/6/2008,-0.003666215,1.192072175
2/7/2008,-0.006333588,1.18452208
2/8/2008,0.002626927,1.187633733
2/11/2008,0.00409563,1.192497842
2/12/2008,0.003243541,1.196365758
2/13/2008,0.001736358,1.198443077
2/14/2008,-0.00940303,1.187174081
2/15/2008,0.000160238,1.187364311
2/19/2008,-0.002887999,1.183935204
2/20/2008,0.002649463,1.187071996
2/21/2008,-0.004273804,1.181998683
2/22/2008,-0.00361394,1.177727011
2/25/2008,0.004257384,1.182741047
2/26/2008,0.005961391,1.189791828
2/27/2008,0.001252304,1.191281809
2/28/2008,-0.002694652,1.188071719
2/29/2008,-0.007731683,1.178885925
3/3/2008,0.000210759,1.179134386
3/4/2008,-0.003769793,1.174689294
3/5/2008,-0.000613066,1.173969132
3/6/2008,-0.008613642,1.163856983
3/7/2008,-0.000679716,1.16306589
3/10/2008,0.001748712,1.165099757
3/11/2008,0.012505667,1.179670107
3/12/2008,0.001862731,1.181867515
3/13/2008,0.000867205,1.182892436
3/14/2008,-0.00803552,1.17338728
3/17/2008,-0.004867909,1.167675338
3/18/2008,0.014646002,1.184777113
3/19/2008,-0.010571622,1.172252097
3/20/2008,0.008072042,1.181714566
3/24/2008,0.00311444,1.185394945
3/25/2008,0.002073234,1.187852546
3/26/2008,-0.004397586,1.182628862
3/27/2008,-0.00675557,1.17463953
3/28/2008,-0.003066397,1.171037619
3/31/2008,0.002821747,1.174341991
4/1/2008,0.01200477,1.188439696
4/2/2008,-0.000787167,1.187504196
4/3/2008,0.002176815,1.190089172
4/4/2008,0.003674572,1.194462241
4/7/2008,0.000698303,1.195296337
4/8/2008,-0.002044717,1.192852294
4/9/2008,-0.00167057,1.190859551
4/10/2008,0.000368825,1.19129877
4/11/2008,-0.010557599,1.178721516
4/14/2008,-0.001979106,1.1763887
4/15/2008,-0.001508007,1.174614698
4/16/2008,0.00815868,1.184198004
4/17/2008,8.79E-05,1.184302048
4/18/2008,0.009499628,1.195552477
4/21/2008,-0.000678494,1.194741302
4/22/2008,-0.005052658,1.188704683
4/23/2008,0.000466735,1.189259493
4/24/2008,0.000630477,1.190009294
4/25/2008,0.003155749,1.193764664
4/28/2008,0.000859982,1.194791281
4/29/2008,-0.00149093,1.193009931
4/30/2008,0.001367349,1.194641192
5/1/2008,0.008118256,1.204339594
5/2/2008,0.00161309,1.206282303
5/5/2008,-0.00258609,1.203162748
5/6/2008,0.002747324,1.206468226
5/7/2008,-0.009341605,1.195197877
5/8/2008,0.002940508,1.198712366
5/9/2008,-0.003163688,1.194920013
5/12/2008,0.000889202,1.195982539
5/13/2008,-0.000880287,1.194929731
5/14/2008,0.003549061,1.199170609
5/15/2008,0.008458531,1.209313831
5/16/2008,-0.001265956,1.207782893
5/19/2008,0.00127399,1.209321596
5/20/2008,-0.003814767,1.204708315
5/21/2008,-0.001933334,1.202379212
5/22/2008,0.000326255,1.202771494
5/23/2008,-0.002287765,1.200019835
5/27/2008,0.001441825,1.201750054
5/28/2008,0.001697986,1.203790608
5/29/2008,0.000781202,1.204731012
5/30/2008,0.002533718,1.207783461
6/2/2008,-0.006957275,1.199380579
6/3/2008,-0.004084631,1.194481552
6/4/2008,-0.001738885,1.192404486
6/5/2008,0.015819451,1.21126767
6/6/2008,-0.018614747,1.188720229
6/9/2008,-0.002834016,1.185351377
6/10/2008,-0.004383059,1.180155912
6/11/2008,-0.008140467,1.170548892
6/12/2008,-0.001220342,1.169120422
6/13/2008,0.005783701,1.175882265
6/16/2008,0.000328605,1.176268666
6/17/2008,-0.000435439,1.175756473
6/18/2008,-0.003791925,1.171298093
6/19/2008,-0.003605305,1.167075206
6/20/2008,-0.006430603,1.159570208
6/23/2008,-0.000868846,1.15856272
6/24/2008,-0.00020551,1.158324624
6/25/2008,0.003516254,1.162397588
6/26/2008,-0.016658058,1.143034302
6/27/2008,-0.000355677,1.142627751
6/30/2008,0.000912387,1.14367027
7/1/2008,0.001800251,1.145729163
7/2/2008,-0.006243588,1.138575703
7/3/2008,0.00084599,1.139538926
7/7/2008,-0.003883053,1.135114036
7/8/2008,0.012920749,1.14978056
7/9/2008,-0.009856297,1.138447982
7/10/2008,0.003330379,1.142239444
7/11/2008,-0.008511306,1.132517495
7/14/2008,-0.005574212,1.126204603
7/15/2008,-0.005068789,1.12049611
7/16/2008,0.006274663,1.127526845
7/17/2008,0.007600623,1.136096752
7/18/2008,-0.002580774,1.133164744
7/21/2008,0.002247608,1.135711654
7/22/2008,0.007152806,1.143835179
7/23/2008,0.002327745,1.146497736
7/24/2008,-0.007720257,1.137646479
7/25/2008,-0.001257021,1.136216433
7/28/2008,-0.002543205,1.133326802
7/29/2008,0.002412529,1.136060985
7/30/2008,0.00818557,1.145360292
7/31/2008,-0.002010374,1.143057689
8/1/2008,-0.004203272,1.138253107
8/4/2008,-0.005783606,1.131669899
8/5/2008,0.01274078,1.146088257
8/6/2008,0.000757754,1.14695671
8/7/2008,-0.004961684,1.141265873
8/8/2008,0.0126312,1.155681431
8/11/2008,0.002545898,1.158623678
8/12/2008,-0.006361285,1.151253343
8/13/2008,-0.002141335,1.148788123
8/14/2008,0.004202186,1.153615545
8/15/2008,0.003277496,1.157396515
8/18/2008,-0.009788824,1.146066964
8/19/2008,-0.005612622,1.139634523
8/20/2008,0.003256477,1.143345716
8/21/2008,0.001589611,1.145163191
8/22/2008,0.00546332,1.151419584
8/25/2008,-0.005026262,1.145632248
8/26/2008,0.001263108,1.147079305
8/27/2008,0.002654023,1.15012368
8/28/2008,0.006156857,1.157204827
8/29/2008,-0.008308557,1.147590125
9/2/2008,-0.001827647,1.145492735
9/3/2008,-0.001198039,1.14412039
9/4/2008,-0.011673151,1.1307649
9/5/2008,0.001315356,1.132252259
9/8/2008,0.014226466,1.148360208
9/9/2008,-0.001539426,1.146592392
9/10/2008,0.003833285,1.150987608
9/11/2008,0.007441731,1.159552948
9/12/2008,-0.000245377,1.159268421
9/15/2008,-0.021119927,1.134784756
9/16/2008,0.006877031,1.142588707
9/17/2008,-0.030610213,1.107613823
9/18/2008,0.018918986,1.128568754
9/19/2008,0.018067134,1.148958757
9/22/2008,-0.03265315,1.111441634
9/23/2008,-0.004736186,1.10617764
9/24/2008,-0.000140892,1.106021789
9/25/2008,0.011660561,1.118918623
9/26/2008,-0.000897911,1.117913934
9/29/2008,-0.064897736,1.04536385
9/30/2008,0.035346795,1.082314112
10/1/2008,-0.006221674,1.075580307
10/2/2008,-0.022660427,1.051207198
10/3/2008,-0.000674838,1.050497804
10/6/2008,-0.030253106,1.018716983
10/7/2008,-0.046101238,0.971752869
10/8/2008,-0.015351365,0.956835136
10/9/2008,-0.023463874,0.934384077
10/10/2008,-0.020027959,0.915670271
10/13/2008,0.092295439,1.00018246
10/14/2008,0.00953646,1.00972066
10/15/2008,-0.010687468,0.998929302
10/16/2008,0.023514504,1.022418629
10/17/2008,0.001601185,1.02405571
10/20/2008,0.032091246,1.056918934
10/21/2008,-0.007641895,1.04884207
10/22/2008,-0.030125266,1.017245424
10/23/2008,-0.009925588,1.007148665
10/24/2008,-0.021993435,0.984998006
10/27/2008,-0.015376575,0.96985211
10/28/2008,0.018758102,0.988044695
10/29/2008,0.003406684,0.991410652
10/30/2008,0.017075945,1.008339926
10/31/2008,0.004152745,1.012527304
11/3/2008,-0.011486067,1.000897348
11/4/2008,0.02816876,1.029091385
11/5/2008,-0.000690218,1.028381087
11/6/2008,-0.034645981,0.992751816
11/7/2008,0.017385769,1.01001157
11/10/2008,-0.009798029,1.000115447
11/11/2008,-0.008543443,0.991571017
11/12/2008,-0.032781784,0.95906555
11/13/2008,0.054991872,1.01180636
11/14/2008,-0.016583927,0.995026637
11/17/2008,-0.010809739,0.984270659
11/18/2008,0.002501921,0.986733226
11/19/2008,-0.022026361,0.964999083
11/20/2008,-0.018401955,0.947241214
11/21/2008,0.027880709,0.973650971
11/24/2008,0.033750377,1.006512058
11/25/2008,0.015332925,1.021944831
11/26/2008,0.013415955,1.035655197
11/28/2008,0.003386943,1.039162903
12/1/2008,-0.070704863,0.965689032
12/2/2008,0.021243201,0.986203358
12/3/2008,0.012242249,0.998276705
12/4/2008,-0.00980593,0.988487674
12/5/2008,0.01036115,0.998729543
12/8/2008,0.01902474,1.017730112
12/9/2008,-0.010492402,1.007051679
12/10/2008,0.003357295,1.010432648
12/11/2008,-0.011023717,0.999293925
12/12/2008,0.003258227,1.002549852
12/15/2008,-0.003022747,0.999519397
12/16/2008,0.030467389,1.029972143
12/17/2008,-0.005583644,1.024221146
12/18/2008,-0.016132292,1.007698111
12/19/2008,0.000430626,1.008132052
12/22/2008,-0.007293073,1.000779672
12/23/2008,-0.001173287,0.99960547
12/24/2008,0.005077822,1.004681289
12/26/2008,0.001016564,1.005702612
12/29/2008,-0.001309001,1.004386146
12/30/2008,0.014712248,1.019162923
12/31/2008,0.007029235,1.026326859
1/2/2009,0.015167689,1.041893865
1/5/2009,0.004651948,1.0467407
1/6/2009,0.000450635,1.047212399
1/7/2009,-0.025813154,1.020180544
1/8/2009,-0.001706668,1.018439434
1/9/2009,-0.011133106,1.00710104
1/12/2009,-0.017254446,0.989724069
1/13/2009,0.001700884,0.991407475
1/14/2009,-0.013194624,0.978326226
1/15/2009,0.000346413,0.978665131
1/16/2009,0.006012781,0.984549631
1/20/2009,-0.035941417,0.949163522
1/21/2009,0.01809145,0.966335266
1/22/2009,-0.007171583,0.959405113
1/23/2009,0.001079141,0.960440446
1/26/2009,0.002909788,0.963235124
1/27/2009,0.007616201,0.970571315
1/28/2009,0.021469164,0.99140867
1/29/2009,-0.023124498,0.968482843
1/30/2009,-0.001740909,0.966796802
2/2/2009,-0.001226035,0.965611476
2/3/2009,-0.000824153,0.964815664
2/4/2009,-0.004718331,0.960263345
2/5/2009,0.003204962,0.963340952
2/6/2009,0.019431032,0.982059661
2/9/2009,0.000540473,0.982590438
2/10/2009,-0.005741479,0.976948916
2/11/2009,0.004411439,0.981258667
2/12/2009,0.003814071,0.985001257
2/13/2009,-0.004448032,0.98061994
2/17/2009,-0.02378021,0.957300593
2/18/2009,-0.001523741,0.955841914
2/19/2009,-0.008817362,0.94741391
2/20/2009,-0.009054527,0.938835524
2/23/2009,-0.01752149,0.922385727
2/24/2009,0.020821109,0.941590821
2/25/2009,-0.006857583,0.935133784
2/26/2009,-0.007906341,0.927740298
2/27/2009,-0.000613,0.927171593
3/2/2009,-0.02227929,0.906514868
3/3/2009,-0.003900596,0.902978919
3/4/2009,0.017094982,0.918415328
3/5/2009,-0.010266895,0.908986055
3/6/2009,0.001908345,0.910720713
3/9/2009,-0.008687624,0.902808715
3/10/2009,0.035918897,0.935236608
3/11/2009,0.002444515,0.937522808
3/12/2009,0.022472434,0.958591228
3/13/2009,0.005521085,0.963883691
3/16/2009,-0.003217594,0.960782305
3/17/2009,0.016686413,0.976814315
3/18/2009,0.01805644,0.994452104
3/19/2009,-0.005730004,0.98875389
3/20/2009,-0.012652347,0.976243833
3/23/2009,0.020713065,0.996464835
3/24/2009,-0.011249303,0.9852553
3/25/2009,0.005150952,0.990330302
3/26/2009,0.010843158,1.001068611
3/27/2009,-0.012814177,0.98824074
3/30/2009,-0.018038797,0.970414066
3/31/2009,0.006663357,0.976880282
4/1/2009,0.008922615,0.985596608
4/2/2009,0.005786991,0.991300247
4/3/2009,0.00200668,0.99328947
4/6/2009,-0.004720454,0.988600692
4/7/2009,-0.011907857,0.976828577
4/8/2009,0.003546272,0.980292677
4/9/2009,0.011232884,0.99130419
4/13/2009,0.005180537,0.996439679
4/14/2009,-0.012415598,0.984068284
4/15/2009,0.005742436,0.989719233
4/16/2009,0.009354755,0.998977814
4/17/2009,-0.0017699,0.997209723
4/20/2009,-0.014770847,0.98248009
4/21/2009,0.007677272,0.990022857
4/22/2009,-0.002833174,0.98721795
4/23/2009,0.005163288,0.992315241
4/24/2009,0.007522393,0.999779826
4/27/2009,-0.003722288,0.996058357
4/28/2009,-0.001845722,0.99421991
4/29/2009,0.005291202,0.999480528
4/30/2009,0.00357535,1.003054021
5/1/2009,0.000763881,1.003820236
5/4/2009,0.005573354,1.009414881
5/5/2009,-0.000279746,1.009132501
5/6/2009,0.010955835,1.020188391
5/7/2009,-0.008469232,1.011548178
5/8/2009,0.011318141,1.022997024
5/11/2009,-0.019189812,1.003365903
5/12/2009,0.003650246,1.007028436
5/13/2009,-0.01515022,0.991771734
5/14/2009,0.006016488,0.997738717
5/15/2009,-0.002812466,0.994932611
5/18/2009,0.021747046,1.016569456
5/19/2009,-0.000199418,1.016366734
5/20/2009,-0.003708988,1.012597042
5/21/2009,-0.006661349,1.005851779
5/22/2009,-0.001940456,1.003899968
5/26/2009,0.007963204,1.011894228
5/27/2009,-0.013291567,0.998444568
5/28/2009,0.011363153,1.009790046
5/29/2009,0.011644651,1.021548699
6/1/2009,0.006049421,1.027728477
6/2/2009,0.003965934,1.03180438
6/3/2009,-0.006402193,1.025198569
6/4/2009,0.004620079,1.029935067
6/5/2009,-0.00434943,1.025455436
6/8/2009,-0.001628599,1.02378538
6/9/2009,0.004179511,1.028064303
6/10/2009,-0.003013743,1.024965981
6/11/2009,0.004119262,1.029188085
6/12/2009,0.00221975,1.031472625
6/15/2009,-0.010950912,1.020177059
6/16/2009,-0.004982052,1.015094483
6/17/2009,-0.001049713,1.014028926
6/18/2009,0.001601413,1.015652805
6/19/2009,0.003422954,1.019129338
6/22/2009,-0.021883844,0.99682687
6/23/2009,0.002833804,0.999651683
6/24/2009,0.000576253,1.000227734
6/25/2009,0.017073864,1.017305487
6/26/2009,-0.000450637,1.016847051
6/29/2009,0.004900944,1.021830562
6/30/2009,-0.00202354,1.019762847
7/1/2009,0.003176215,1.023001833
7/2/2009,-0.017427029,1.005173951
7/6/2009,0.000859262,1.006037659
7/7/2009,-0.010526859,0.995447242
7/8/2009,0.002531477,0.997967194
7/9/2009,-2.78E-05,0.997939495
7/10/2009,0.000629728,0.998567925
7/13/2009,0.010537981,1.009090815
7/14/2009,0.001375144,1.01047846
7/15/2009,0.007591613,1.018149622
7/16/2009,0.007598955,1.025886494
7/17/2009,-0.000155959,1.025726498
7/20/2009,0.004171994,1.030005823
7/21/2009,0.006225106,1.036417718
7/22/2009,-0.001860646,1.034489311
7/23/2009,0.019032245,1.054177965
7/24/2009,0.001640054,1.055906874
7/27/2009,0.001810438,1.057818527
7/28/2009,-9.09E-05,1.057722372
7/29/2009,-0.002074122,1.055528527
7/30/2009,0.009528909,1.065586562
7/31/2009,0.00297791,1.068759783
8/3/2009,0.005943953,1.075112441
8/4/2009,0.000196919,1.075324151
8/5/2009,-0.002425721,1.072715715
8/6/2009,-0.002276874,1.070273277
8/7/2009,0.005233787,1.075874859
8/10/2009,0.004860412,1.081104054
8/11/2009,-0.002715065,1.078168786
8/12/2009,0.006062985,1.084705707
8/13/2009,0.004112384,1.089166434
8/14/2009,-0.00711114,1.081421219
8/17/2009,-0.020360144,1.059403327
8/18/2009,0.002120591,1.061649888
8/19/2009,0.006295135,1.068333117
8/20/2009,0.006995352,1.075806483
8/21/2009,0.002386912,1.078374338
8/24/2009,0.001604717,1.080104824
8/25/2009,0.001769445,1.08201601
8/26/2009,0.000453481,1.082506684
8/27/2009,0.001981299,1.084651453
8/28/2009,-0.001376168,1.08315879
8/31/2009,-0.002140123,1.080840697
9/1/2009,-0.008370709,1.071793294
9/2/2009,0.001165497,1.073042466
9/3/2009,0.002861303,1.076112766
9/4/2009,0.006243692,1.082831683
9/8/2009,0.004628774,1.087843866
9/9/2009,0.004350349,1.092576367
9/10/2009,0.008037883,1.101358368
9/11/2009,-0.000905016,1.100361622
9/14/2009,-0.000328487,1.100000167
9/15/2009,0.000239623,1.100263753
9/16/2009,0.010263699,1.111556529
9/17/2009,0.00017952,1.111756076
9/18/2009,-0.000686644,1.110992695
9/21/2009,-0.001593978,1.109221796
9/22/2009,0.004719643,1.114456927
9/23/2009,-0.002603816,1.111555086
9/24/2009,-0.007067957,1.103698663
9/25/2009,-0.002441143,1.101004377
9/28/2009,0.013025693,1.115345722
9/29/2009,-0.001505782,1.113666254
9/30/2009,-0.002557423,1.110818138
10/1/2009,-0.014010537,1.09525498
10/2/2009,-0.002865416,1.092116618
10/5/2009,0.01151548,1.104692865
10/6/2009,0.006537777,1.111915101
10/7/2009,0.002978293,1.11522671
10/8/2009,0.004031945,1.119723243
10/9/2009,0.001530403,1.12143687
10/12/2009,0.003189203,1.12501336
10/13/2009,-0.001143763,1.123726611
10/14/2009,0.006999273,1.13159188
10/15/2009,0.001230528,1.132984336
10/16/2009,-0.000669041,1.132226323
10/19/2009,0.006740833,1.139858472
10/20/2009,-0.00040473,1.139397137
10/21/2009,-0.006846298,1.131596484
10/22/2009,0.002902014,1.134880393
10/23/2009,-0.007652312,1.126195934
10/26/2009,-0.007660927,1.11756823
10/27/2009,-0.00028836,1.117245967
10/28/2009,-0.005814058,1.110750234
10/29/2009,0.013006257,1.125196936
10/30/2009,-0.021452455,1.101058699
11/2/2009,0.002868407,1.104216983
11/3/2009,0.000418371,1.104678956
11/4/2009,3.43E-05,1.104716865
11/5/2009,0.013513953,1.119645957
11/6/2009,0.001203218,1.120993135
11/9/2009,0.012462963,1.134964031
11/10/2009,0.000267954,1.135268149
11/11/2009,0.002325817,1.137908575
11/12/2009,-0.004159093,1.133175907
11/13/2009,0.000965818,1.134270349
11/16/2009,0.006253757,1.1413638
11/17/2009,0.000889305,1.142378821
11/18/2009,-0.001236142,1.140966678
11/19/2009,-0.006712976,1.133307396
11/20/2009,-0.001651848,1.131435345
11/23/2009,0.006533944,1.13882808
11/24/2009,0.002440819,1.141607753
11/25/2009,0.002632228,1.144612724
11/27/2009,-0.01005612,1.133102361
11/30/2009,0.002517923,1.135955426
12/1/2009,0.00612143,1.142909098
12/2/2009,-0.001611833,1.14106692
12/3/2009,-0.004672302,1.135735511
12/4/2009,0.001789967,1.137768441
12/7/2009,-0.000181742,1.13756166
12/8/2009,-0.002033783,1.135248107
12/9/2009,0.001535116,1.136990845
12/10/2009,0.002268873,1.139570533
12/11/2009,-0.000182611,1.139362435
12/14/2009,0.006722889,1.147022242
12/15/2009,-0.004304903,1.142084422
12/16/2009,0.001563585,1.143870168
12/17/2009,-0.005993633,1.137014229
12/18/2009,0.003847355,1.141388727
12/21/2009,0.002841526,1.144632013
12/22/2009,0.001456825,1.146299542
12/23/2009,0.001356369,1.147854347
12/24/2009,0.002123068,1.15029132
12/28/2009,-0.001917702,1.148085405
12/29/2009,0.000340316,1.148476117
12/30/2009,0.001659098,1.150381551
12/31/2009,-0.004362256,1.145363293
1/4/2010,0.006338142,1.152622767
1/5/2010,0.003682585,1.156867398
1/6/2010,8.80E-05,1.156969201
1/7/2010,0.002302077,1.159632632
1/8/2010,0.001805331,1.161726153
1/11/2010,0.000628039,1.162455762
1/12/2010,-0.001241567,1.161012495
1/13/2010,0.001809105,1.163112888
1/14/2010,0.002552998,1.166082314
1/15/2010,-0.002504281,1.163162116
1/19/2010,0.007179903,1.171513507
1/20/2010,-0.004989925,1.165667743
1/21/2010,-0.001609662,1.163791411
1/22/2010,-0.01728924,1.143670343
1/25/2010,0.002150705,1.14613004
1/26/2010,-0.001448277,1.144470126
1/27/2010,0.00231729,1.147122195
1/28/2010,-0.005712619,1.140569124
1/29/2010,-0.005597123,1.134185218
2/1/2010,0.005146005,1.140021742
2/2/2010,0.006867907,1.147851305
2/3/2010,-0.004091873,1.143154443
2/4/2010,-0.022923012,1.1169499
2/5/2010,0.001013959,1.118082441
2/8/2010,-0.003372334,1.114311894
2/9/2010,0.002406939,1.116993975
2/10/2010,-0.002250654,1.114480008
2/11/2010,0.007800954,1.123174015
2/12/2010,-0.001210546,1.121814361
2/16/2010,0.01046724,1.133556661
2/17/2010,0.001111158,1.134816222
2/18/2010,0.002212385,1.137326871
2/19/2010,0.001718998,1.139281935
2/22/2010,-0.001499053,1.13757409
2/23/2010,-0.005811361,1.130963237
2/24/2010,0.00580489,1.137528354
2/25/2010,-0.000338675,1.137143101
2/26/2010,0.001054112,1.138341778
3/1/2010,0.00441763,1.14337055
3/2/2010,0.00134996,1.144914054
3/3/2010,0.00026332,1.145215533
3/4/2010,0.002468863,1.148042913
3/5/2010,0.004523894,1.153236538
3/8/2010,8.55E-05,1.153335126
3/9/2010,0.001376706,1.15492293
3/10/2010,0.000423833,1.155412423
3/11/2010,0.00118677,1.156783633
3/12/2010,-6.99E-05,1.156702749
3/15/2010,0.000731746,1.157549161
3/16/2010,0.004546087,1.16281148
3/17/2010,0.00373097,1.167149895
3/18/2010,-0.000530157,1.166531122
3/19/2010,-0.003385322,1.162582039
3/22/2010,0.001164185,1.1639355
3/23/2010,0.003001153,1.167428648
3/24/2010,-0.005275969,1.161269331
3/25/2010,-0.001793805,1.15918624
3/26/2010,0.001017978,1.160366266
3/29/2010,0.003850201,1.16483391
3/30/2010,0.00016582,1.165027062
3/31/2010,-0.001874959,1.162842684
4/1/2010,0.006388346,1.170271325
4/5/2010,0.002490959,1.173186423
4/6/2010,0.001404428,1.174834079
4/7/2010,-0.002205528,1.17224295
4/8/2010,0.001236537,1.173692471
4/9/2010,0.003497619,1.1777976
4/12/2010,0.002133588,1.180310535
4/13/2010,0.001074632,1.181578934
4/14/2010,0.00624467,1.188957505
4/15/2010,0.001065416,1.19022424
4/16/2010,-0.005416045,1.183777931
4/19/2010,0.002091099,1.186253328
4/20/2010,0.005133051,1.192342427
4/21/2010,-0.000192311,1.192113126
4/22/2010,0.001105128,1.193430564
4/23/2010,0.002979593,1.196986501
4/26/2010,-0.002450234,1.194053605
4/27/2010,-0.005813143,1.1871124
4/28/2010,0.000322738,1.187495527
4/29/2010,0.005701025,1.194265469
4/30/2010,-0.002055796,1.191810302
5/3/2010,-0.000646296,1.19104004
5/4/2010,-0.005370437,1.184643634
5/5/2010,-0.002305418,1.181912536
5/6/2010,-0.019194308,1.159226542
5/7/2010,-0.009380499,1.148352419
5/10/2010,0.017696889,1.168674685
5/11/2010,0.002192293,1.171236763
5/12/2010,0.006812685,1.17921603
5/13/2010,-0.001653457,1.177266247
5/14/2010,-0.002402633,1.174437708
5/17/2010,-0.000108463,1.174310325
5/18/2010,-0.00689096,1.1662182
5/19/2010,-0.002050747,1.163826582
5/20/2010,-0.026397035,1.133105011
5/21/2010,0.010687765,1.145215372
5/24/2010,-0.00670689,1.137534538
5/25/2010,0.000715713,1.138348686
5/26/2010,-0.003912494,1.133894904
5/27/2010,0.014967902,1.150866931
5/28/2010,-0.004374593,1.145832357
6/1/2010,-0.012485997,1.131525498
6/2/2010,0.019877754,1.154017684
6/3/2010,0.000368541,1.154442987
6/4/2010,-0.009889988,1.143025559
6/7/2010,-0.009796542,1.131827861
6/8/2010,0.005531849,1.138088962
6/9/2010,-0.002993003,1.134682659
6/10/2010,0.005827611,1.141295148
6/11/2010,0.000823242,1.142234711
6/14/2010,-0.000190938,1.142016615
6/15/2010,0.021712358,1.166812488
6/16/2010,0.000232771,1.167084089
6/17/2010,0.001992669,1.169409701
6/18/2010,0.000171925,1.169610752
6/21/2010,-0.002041385,1.167223126
6/22/2010,-0.007543814,1.158417812
6/23/2010,-0.000866647,1.157413873
6/24/2010,-0.00653541,1.149849699
6/25/2010,0.001998875,1.152148105
6/28/2010,-0.000566435,1.151495488
6/29/2010,-0.016250011,1.132783674
6/30/2010,-0.001528167,1.131052591
7/1/2010,-0.001640973,1.129196564
7/2/2010,-0.003708526,1.12500891
7/6/2010,0.004627373,1.130214746
7/7/2010,0.019200347,1.151915261
7/8/2010,0.005995185,1.158821206
7/9/2010,0.002157426,1.161321277
7/12/2010,0.000971536,1.162449543
7/13/2010,0.006806294,1.170361517
7/14/2010,0.00064372,1.171114902
7/15/2010,0.001258431,1.172588669
7/16/2010,-0.009758338,1.161146152
7/19/2010,0.003020142,1.164652978
7/20/2010,0.003330586,1.168531955
7/21/2010,-0.003831478,1.164054751
7/22/2010,0.010945602,1.176796031
7/23/2010,0.001937453,1.179076018
7/26/2010,0.00520267,1.185210362
7/27/2010,-0.000535906,1.1845752
7/28/2010,-0.001536589,1.182754995
7/29/2010,-0.002188276,1.1801668
7/30/2010,0.000995265,1.181341379
8/2/2010,0.007859903,1.190626607
8/3/2010,-0.001461891,1.18888604
8/4/2010,0.000345481,1.189296777
8/5/2010,-0.000200725,1.189058055
8/6/2010,-0.000853087,1.188043685
8/9/2010,0.004340527,1.193200421
8/10/2010,-0.000721829,1.192339135
8/11/2010,-0.019418325,1.169185906
8/12/2010,-0.003555435,1.165028941
8/13/2010,-0.000664928,1.16425428
8/16/2010,0.001081625,1.165513566
8/17/2010,0.008253688,1.175133351
8/18/2010,0.000992966,1.176300218
8/19/2010,-0.009135978,1.165553566
8/20/2010,-0.002798696,1.162291535
8/23/2010,-0.002235153,1.159693636
8/24/2010,-0.006460811,1.152201075
8/25/2010,0.001558397,1.153996662
8/26/2010,-0.00268819,1.150894499
8/27/2010,0.011228873,1.163817747
8/30/2010,-0.000293878,1.163475727
8/31/2010,0.000557866,1.16412479
9/1/2010,0.015665282,1.182361133
9/2/2010,0.0079315,1.19173903
9/3/2010,0.002231396,1.194398272
9/7/2010,-0.000634092,1.193640914
9/8/2010,0.00307331,1.197309343
9/9/2010,-0.000884893,1.196249853
9/10/2010,9.55E-06,1.19626128
9/13/2010,0.007145493,1.204809157
9/14/2010,0.000986742,1.205997993
9/15/2010,0.000521506,1.206626928
9/16/2010,-0.000989177,1.20543336
9/17/2010,0.001012127,1.206653411
9/20/2010,0.011150615,1.220108338
9/21/2010,-0.000918613,1.218987531
9/22/2010,-0.003895855,1.214238532
9/23/2010,-0.001546002,1.212361317
9/24/2010,0.006575729,1.220333476
9/27/2010,0.00021171,1.220591833
9/28/2010,0.003653436,1.225051188
9/29/2010,-0.002254218,1.222289655
9/30/2010,-0.002015683,1.219825906
10/1/2010,0.001924234,1.222173137
10/4/2010,-0.002723442,1.218844619
10/5/2010,0.00952504,1.230454164
10/6/2010,0.000178172,1.230673396
10/7/2010,-0.000777194,1.229716924
10/8/2010,0.004320362,1.235029746
10/11/2010,-0.000139204,1.234857825
10/12/2010,0.000358763,1.235300846
10/13/2010,0.006077006,1.242807777
10/14/2010,-0.003683817,1.2382295
10/15/2010,0.000321867,1.238628045
10/18/2010,0.004795446,1.244567819
10/19/2010,-0.007314519,1.235464404
10/20/2010,0.007630167,1.244891204
10/21/2010,9.72E-05,1.245012196
10/22/2010,0.001195106,1.246500117
10/25/2010,0.001183412,1.247975241
10/26/2010,-0.001187098,1.246493772
10/27/2010,-0.002405339,1.243495532
10/28/2010,0.001974662,1.245951015
10/29/2010,0.000544226,1.246629093
11/1/2010,0.000152246,1.246818888
11/2/2010,0.006177991,1.254521724
11/3/2010,0.001333727,1.256194914
11/4/2010,0.014593238,1.274526865
11/5/2010,0.000615592,1.275311453
11/8/2010,-0.001120987,1.273881846
11/9/2010,-0.006796722,1.265223625
11/10/2010,0.001240442,1.266793062
11/11/2010,-0.0020623,1.264180554
11/12/2010,-0.009182385,1.252572362
11/15/2010,-0.003092017,1.248699387
11/16/2010,-0.005466618,1.241873225
11/17/2010,0.000281397,1.242222684
11/18/2010,0.007178899,1.251140475
11/19/2010,0.002150113,1.253830568
11/22/2010,0.0008182,1.254856452
11/23/2010,-0.006962809,1.246119126
11/24/2010,0.007945349,1.256019978
11/26/2010,-0.003461544,1.251672209
11/29/2010,-0.000867127,1.25058685
11/30/2010,-0.003601961,1.246082284
12/1/2010,0.006090394,1.253671416
12/2/2010,0.00475259,1.259629602
12/3/2010,0.002261733,1.262478548
12/6/2010,-0.00108768,1.261105375
12/7/2010,-0.003411384,1.256803261
12/8/2010,-0.003232502,1.252740642
12/9/2010,0.002174539,1.255464776
12/10/2010,0.0014411,1.257274026
12/13/2010,0.000324189,1.25768162
12/14/2010,-0.003241434,1.253604929
12/15/2010,-0.003685644,1.248984586
12/16/2010,0.003858302,1.253803547
12/17/2010,0.002780593,1.257289865
12/20/2010,0.001404696,1.259055975
12/21/2010,0.002994919,1.262826746
12/22/2010,0.001251713,1.264407443
12/23/2010,-0.001724324,1.262227194
12/27/2010,0.001683396,1.264352022
12/28/2010,-0.001684263,1.262222521
12/29/2010,0.005208274,1.268796522
12/30/2010,-0.001350441,1.267083087
12/31/2010,0.002257303,1.269943278
1/3/2011,0.008338983,1.280533314
1/4/2011,-0.000395786,1.280026498
1/5/2011,-0.000111368,1.279883943
1/6/2011,-0.001272296,1.278255552
1/7/2011,0.000725914,1.279183456
1/10/2011,0.000892111,1.280324629
1/11/2011,0.000968947,1.281565196
1/12/2011,0.003891157,1.286551968
1/13/2011,0.001243932,1.288152351
1/14/2011,-8.01E-05,1.28804915
1/18/2011,0.000445854,1.288623431
1/19/2011,-0.004759404,1.282490351
1/20/2011,-0.001511341,1.280552071
1/21/2011,0.002949969,1.28432966
1/24/2011,0.003849785,1.289274053
1/25/2011,0.00202465,1.291884382
1/26/2011,0.000416428,1.292422358
1/27/2011,0.00191968,1.294903396
1/28/2011,-0.009381173,1.282755683
1/31/2011,0.00117917,1.284268271
2/1/2011,0.009628508,1.296633858
2/2/2011,-0.002012811,1.294023978
2/3/2011,-0.002627821,1.290623515
2/4/2011,0.000508365,1.291279623
2/7/2011,0.003410005,1.295682894
2/8/2011,-0.000848842,1.294583064
2/9/2011,0.000302014,1.294974045
2/10/2011,-0.001386267,1.293178866
2/11/2011,0.004321025,1.298766724
2/14/2011,0.001479031,1.30068764
2/15/2011,-0.001309537,1.298984341
2/16/2011,0.003371613,1.303364013
2/17/2011,0.002702509,1.306886366
2/18/2011,0.000702172,1.307804025
2/22/2011,-0.010889624,1.293562531
2/23/2011,-0.003193396,1.289431674
2/24/2011,-0.000688253,1.288544219
2/25/2011,0.007624734,1.298369026
2/28/2011,0.003620949,1.303070353
3/1/2011,-0.008339555,1.292203327
3/2/2011,9.67E-05,1.292328267
3/3/2011,0.003088174,1.296319202
3/4/2011,-0.001127019,1.294858226
3/7/2011,-0.005325304,1.287962712
3/8/2011,0.002758431,1.291515469
3/9/2011,0.00062014,1.29231639
3/10/2011,-0.005169465,1.285635805
3/11/2011,0.003488723,1.290121033
3/14/2011,-0.002580513,1.286791859
3/15/2011,-0.003556187,1.282215787
3/16/2011,-0.007338004,1.272806883
3/17/2011,0.002758188,1.276317523
3/18/2011,0.001663303,1.278440425
3/21/2011,0.008662388,1.289514773
3/22/2011,-0.001706846,1.28731377
3/23/2011,0.0004387,1.287878515
3/24/2011,0.004406624,1.293553711
3/25/2011,0.001241063,1.295159094
3/28/2011,-0.001812142,1.292812082
3/29/2011,0.00268073,1.296277762
3/30/2011,0.004286788,1.301834629
3/31/2011,-0.001450815,1.299945908
4/1/2011,0.002968394,1.30380466
4/4/2011,0.000844204,1.304905336
4/5/2011,-0.001554271,1.30287716
4/6/2011,0.001204202,1.304446087
4/7/2011,-2.48E-05,1.30441376
4/8/2011,-0.002841701,1.300707005
4/11/2011,-0.001357952,1.298940707
4/12/2011,-0.002812625,1.295287274
4/13/2011,0.000588194,1.296049154
4/14/2011,-0.000181767,1.295813575
4/15/2011,0.003795289,1.300731562
4/18/2011,-0.007782851,1.290608162
4/19/2011,0.004575029,1.296512731
4/20/2011,0.003960019,1.301646946
4/21/2011,0.003095109,1.305675685
4/25/2011,0.000208664,1.305948132
4/26/2011,0.006035812,1.31383059
4/27/2011,0.002163951,1.316673655
4/28/2011,0.002626211,1.320131518
4/29/2011,0.001821004,1.322535483
5/2/2011,-0.00088252,1.321368319
5/3/2011,-0.000505785,1.32069999
5/4/2011,-0.003265139,1.316387721
5/5/2011,-0.00153862,1.314362301
5/6/2011,0.001764537,1.316681541
5/9/2011,0.002722564,1.320266291
5/10/2011,0.001443616,1.322172249
5/11/2011,-0.00487895,1.315721437
5/12/2011,0.001130164,1.317208418
5/13/2011,-0.005603107,1.309827959
5/16/2011,-0.003880359,1.304745356
5/17/2011,-6.90E-05,1.304655394
5/18/2011,0.004332441,1.310307736
5/19/2011,0.001156816,1.311823521
5/20/2011,-0.00757956,1.301880475
5/23/2011,-0.002912833,1.298088315
5/24/2011,-7.03E-05,1.29799708
5/25/2011,0.001769794,1.300294268
5/26/2011,0.002684049,1.303784321
5/27/2011,0.002352712,1.306851749
5/31/2011,0.005496795,1.314035246
6/1/2011,-0.006412613,1.305608846
6/2/2011,-0.002892165,1.30183281
6/3/2011,-0.003443703,1.297349685
6/6/2011,-0.006093125,1.289444771
6/7/2011,0.000970896,1.290696687
6/8/2011,-0.000388768,1.290194906
6/9/2011,0.004150302,1.295549604
6/10/2011,-0.008551876,1.284470225
6/13/2011,-0.00054186,1.283774222
6/14/2011,0.008950874,1.295265124
6/15/2011,-0.010548499,1.281602021
6/16/2011,0.001539326,1.283574824
6/17/2011,0.001356553,1.285316061
6/20/2011,0.00171271,1.287517435
6/21/2011,0.00793994,1.297740246
6/22/2011,-0.002066281,1.295058751
6/23/2011,-0.000358675,1.294594246
6/24/2011,-0.005996273,1.286831506
6/27/2011,0.003624718,1.291495907
6/28/2011,-0.001279134,1.289843911
6/29/2011,0.001857852,1.292240249
6/30/2011,0.002249682,1.295147378
7/1/2011,0.006954748,1.304154801
7/5/2011,-0.000247473,1.303832058
7/6/2011,0.000735167,1.304790593
7/7/2011,0.005995292,1.312613193
7/8/2011,-0.001993162,1.309996942
7/11/2011,-0.012359792,1.293805653
7/12/2011,-0.001525981,1.29183133
7/13/2011,0.002618409,1.295213873
7/14/2011,-0.005986101,1.287460592
7/15/2011,0.002404332,1.290556074
7/18/2011,-0.004022114,1.28536531
7/19/2011,0.011125553,1.299665711
7/20/2011,-0.001049316,1.29830195
7/21/2011,0.003022032,1.302225461
7/22/2011,0.00167019,1.304400425
7/25/2011,-0.004441755,1.298606598
7/26/2011,-0.00028539,1.298235988
7/27/2011,-0.011683331,1.283068268
7/28/2011,-0.000271862,1.28271945
7/29/2011,0.001613556,1.28478919
8/1/2011,-0.001916426,1.282326987
8/2/2011,-0.013637765,1.264838914
8/3/2011,0.003474133,1.269233132
8/4/2011,-0.023161634,1.239835618
8/5/2011,-0.002677834,1.236515544
8/8/2011,-0.035346573,1.192808958
8/9/2011,0.016550829,1.212550935
8/10/2011,-0.017004739,1.191931822
8/11/2011,0.016069645,1.211085743
8/12/2011,0.004689176,1.216764737
8/15/2011,0.008367269,1.226945735
8/16/2011,-0.003032355,1.2232252
8/17/2011,0.001231018,1.224731012
8/18/2011,-0.028313013,1.190055188
8/19/2011,-0.005637242,1.183346559
8/22/2011,-0.00041285,1.182858014
8/23/2011,0.010065735,1.194764349
8/24/2011,0.006652104,1.202712046
8/25/2011,-0.008801022,1.192126951
8/26/2011,0.00885935,1.202688421
8/29/2011,0.018199302,1.224576511
8/30/2011,0.002881811,1.228105509
8/31/2011,0.001359392,1.229774986
9/1/2011,-1.79E-05,1.229752944
9/2/2011,-0.020406142,1.204658431
9/6/2011,-0.004654495,1.199051355
9/7/2011,0.008031813,1.208681911
9/8/2011,-0.006714522,1.20056619
9/9/2011,-0.012059064,1.186088485
9/12/2011,-0.000295018,1.185738568
9/13/2011,0.007255832,1.194342088
9/14/2011,0.010555009,1.20694838
9/15/2011,0.004718756,1.212643674
9/16/2011,0.003475834,1.216858623
9/19/2011,-0.006335053,1.209149759
9/20/2011,0.00053935,1.209801913
9/21/2011,-0.014220829,1.192597527
9/22/2011,-0.02460988,1.163247845
9/23/2011,-0.000408007,1.162773231
9/26/2011,0.012439824,1.177237925
9/27/2011,0.00204929,1.179650427
9/28/2011,-0.01455068,1.162485712
9/29/2011,0.00502857,1.168331352
9/30/2011,-0.016495366,1.149059299
10/3/2011,-0.017501351,1.128949209
10/4/2011,0.002742082,1.13204488
10/5/2011,0.013570859,1.147407702
10/6/2011,0.011931349,1.161097823
10/7/2011,-0.004280659,1.156127559
10/10/2011,0.013388024,1.171605822
10/11/2011,0.000777052,1.172516222
10/12/2011,0.00372554,1.176884478
10/13/2011,-0.00101022,1.175695566
10/14/2011,0.008770287,1.186006753
10/17/2011,-0.006803079,1.177938255
10/18/2011,0.011813372,1.191853678
10/19/2011,-0.000483035,1.19127797
10/20/2011,0.001988862,1.193647258
10/21/2011,0.006247101,1.201104093
10/24/2011,0.003171186,1.204913017
10/25/2011,-0.002312849,1.202126235
10/26/2011,0.001555938,1.203996669
10/27/2011,0.013846164,1.220667404
10/28/2011,0.001629831,1.222656886
10/31/2011,-0.011475097,1.208626779
11/1/2011,-0.008651875,1.198169892
11/2/2011,0.005078454,1.204254743
11/3/2011,0.0060436,1.211532777
11/4/2011,-0.003675425,1.207079879
11/7/2011,0.004202616,1.212152772
11/8/2011,0.0054858,1.2188024
11/9/2011,-0.018023983,1.196834727
11/10/2011,0.002737215,1.200110721
11/11/2011,0.011268955,1.213634714
11/14/2011,-0.006486962,1.205761912
11/15/2011,0.00119452,1.207202219
11/16/2011,-0.004907215,1.201278218
11/17/2011,-0.016919875,1.18095274
11/18/2011,-0.00027611,1.180626667
11/21/2011,-0.007513215,1.171756365
11/22/2011,-0.002160851,1.169224374
11/23/2011,-0.007010882,1.16102708
11/25/2011,-0.001798584,1.158938876
11/28/2011,0.020116788,1.182253003
11/29/2011,0.001072971,1.183521526
11/30/2011,0.011663103,1.197325059
12/1/2011,-0.000735703,1.196444183
12/2/2011,0.000951344,1.197582413
12/5/2011,0.004214111,1.202629158
12/6/2011,0.000170757,1.202834515
12/7/2011,0.001877597,1.205092954
12/8/2011,-0.009325462,1.193854905
12/9/2011,0.007348002,1.202627353
12/12/2011,-0.010970456,1.189433983
12/13/2011,-0.001710773,1.187399131
12/14/2011,-0.007369783,1.178648257
12/15/2011,0.000553504,1.179300644
12/16/2011,0.003267723,1.183154271
12/19/2011,-0.007267121,1.174556146
12/20/2011,0.016883823,1.194387143
12/21/2011,0.000115698,1.194525332
12/22/2011,0.002710383,1.197762953
12/23/2011,0.004469929,1.203116869
12/27/2011,0.000613052,1.203854442
12/28/2011,-0.005543118,1.197181335
12/29/2011,0.007679861,1.206375521
12/30/2011,-0.002668163,1.203156714
1/3/2012,0.006211213,1.210629777
1/4/2012,-0.000602598,1.209900253
1/5/2012,0.001993741,1.212312481
1/6/2012,-0.001769953,1.210166745
1/9/2012,0.000881971,1.211234077
1/10/2012,0.004972777,1.217257274
1/11/2012,0.001730358,1.219363564
1/12/2012,0.001205018,1.220832919
1/13/2012,-0.00038524,1.220362606
1/17/2012,0.002833998,1.223821111
1/18/2012,0.005187673,1.230169895
1/19/2012,0.001943587,1.232560838
1/20/2012,-0.001612893,1.230572849
1/23/2012,-0.000358185,1.230132077
1/24/2012,-0.000102395,1.230006117
1/25/2012,0.005569396,1.236856508
1/26/2012,-0.003191207,1.232909443
1/27/2012,-0.001089108,1.231566671
1/30/2012,-0.000701309,1.230702963
1/31/2012,0.000959809,1.231884202
2/1/2012,0.003561284,1.236271292
2/2/2012,0.000755954,1.237205857
2/3/2012,0.011093487,1.250930784
2/6/2012,0.000404512,1.2514368
2/7/2012,0.000379301,1.251911471
2/8/2012,0.000262921,1.252240624
2/9/2012,8.61E-05,1.252348443
2/10/2012,-0.006147464,1.244649676
2/13/2012,0.003782499,1.249357562
2/14/2012,6.30E-05,1.249436248
2/15/2012,-0.002088268,1.246827091
2/16/2012,0.004529308,1.252474356
2/17/2012,0.001775095,1.254697617
2/21/2012,-0.000858018,1.253621064
2/22/2012,-0.000485088,1.253012947
2/23/2012,0.002291025,1.255883631
2/24/2012,0.000830526,1.256926676
2/27/2012,0.002476138,1.260039
2/28/2012,0.001755306,1.262250754
2/29/2012,-0.003953664,1.257260239
3/1/2012,0.002155801,1.259970641
3/2/2012,-0.000104112,1.259839463
3/5/2012,-0.002442632,1.256762139
3/6/2012,-0.003760568,1.252036
3/7/2012,0.003186227,1.256025271
3/8/2012,-0.000511171,1.255383227
3/9/2012,0.002053175,1.257960749
3/12/2012,0.000449583,1.258526307
3/13/2012,0.007208316,1.267598163
3/14/2012,-0.003353058,1.263347833
3/15/2012,0.003527969,1.267804885
3/16/2012,0.000793073,1.268810346
3/19/2012,0.000282814,1.269169183
3/20/2012,-0.000919542,1.268002129
3/21/2012,0.001289807,1.269637608
3/22/2012,-0.006704911,1.261124801
3/23/2012,0.002458953,1.264225848
3/26/2012,0.010594833,1.27762011
3/27/2012,-0.001300262,1.275958869
3/28/2012,-0.001350769,1.274235344
3/29/2012,-0.00051666,1.273576998
3/30/2012,0.000669468,1.274429617
4/2/2012,0.006741066,1.283020631
4/3/2012,-0.004176564,1.277662013
4/4/2012,-0.002797755,1.274087428
4/5/2012,-7.02E-05,1.273998049
4/9/2012,0.000986516,1.275254868
4/10/2012,-0.005773162,1.267892615
4/11/2012,0.002409871,1.270948073
4/12/2012,0.006634674,1.279380399
4/13/2012,-0.001988316,1.276836587
4/16/2012,-0.000121634,1.276681281
4/17/2012,0.010849632,1.290532803
4/18/2012,-0.001995471,1.287957582
4/19/2012,-0.003157507,1.283890847
4/20/2012,0.000812549,1.284934071
4/23/2012,-0.003207771,1.280812296
4/24/2012,0.001838857,1.283167527
4/25/2012,0.005299482,1.289967651
4/26/2012,0.004355712,1.295586378
4/27/2012,0.001532594,1.297571986
4/30/2012,-0.002100564,1.294846353
5/1/2012,0.003305256,1.299126151
5/2/2012,-0.000549535,1.298412236
5/3/2012,-0.004880482,1.292075358
5/4/2012,-0.010057491,1.279080322
5/7/2012,0.000363994,1.279545901
5/8/2012,0.000795644,1.280563963
5/9/2012,-0.006373855,1.272401834
5/10/2012,0.000972142,1.273638789
5/11/2012,-0.000360054,1.273180211
5/14/2012,-0.003513135,1.268707357
5/15/2012,-0.003185473,1.264665925
5/16/2012,-0.001738693,1.262467059
5/17/2012,-0.00160232,1.260444182
5/18/2012,-0.002964586,1.256707487
5/21/2012,0.009182946,1.268247763
5/22/2012,-0.000970826,1.267016516
5/23/2012,0.001527675,1.268952105
5/24/2012,-0.000184333,1.268718195
5/25/2012,5.92E-05,1.268793346
5/29/2012,0.005422348,1.275673185
5/30/2012,-0.007560105,1.266028961
5/31/2012,0.000905878,1.267175829
6/1/2012,-0.012193191,1.251724912
6/4/2012,-0.000931474,1.250558963
6/5/2012,0.000457043,1.251130522
6/6/2012,0.015058938,1.269971219
6/7/2012,0.000638471,1.270782059
6/8/2012,0.005050138,1.277199684
6/11/2012,-0.004348865,1.271645315
6/12/2012,0.005642409,1.278820458
6/13/2012,-0.003760626,1.274011292
6/14/2012,0.005516024,1.281038769
6/15/2012,0.005566722,1.288169956
6/18/2012,0.000947081,1.289389957
6/19/2012,0.003336461,1.293691956
6/20/2012,-0.00164512,1.291563678
6/21/2012,-0.00655684,1.283095101
6/22/2012,0.003493302,1.28757734
6/25/2012,-0.014111029,1.269408298
6/26/2012,0.002192158,1.272191042
6/27/2012,0.00442194,1.277816594
6/28/2012,-0.000742686,1.276867578
6/29/2012,0.018155804,1.300050135
7/2/2012,0.002151907,1.302847722
7/3/2012,0.0031488,1.306950129
7/5/2012,-0.000802205,1.305901687
7/6/2012,-0.001636147,1.30376504
7/9/2012,9.81E-06,1.303777828
7/10/2012,-0.004315668,1.298151155
7/11/2012,-5.23E-05,1.298083274
7/12/2012,-0.002286146,1.295115666
7/13/2012,0.010021378,1.308094509
7/16/2012,-0.001051437,1.30671913
7/17/2012,0.004190416,1.312194826
7/18/2012,0.003651069,1.31698574
7/19/2012,0.000589484,1.317762082
7/20/2012,-0.004929545,1.311266114
7/23/2012,-0.006726271,1.302446182
7/24/2012,-0.006569892,1.293889251
7/25/2012,7.05E-05,1.293980504
7/26/2012,0.008222672,1.304620482
7/27/2012,0.002402449,1.307754766
7/30/2012,0.000385362,1.308258726
7/31/2012,-0.000623156,1.307443477
8/1/2012,-0.001823857,1.305058886
8/2/2012,-0.003575484,1.30039267
8/3/2012,0.000606809,1.30118176
8/6/2012,0.001861145,1.303603447
8/7/2012,-3.93E-05,1.303552187
8/8/2012,-0.000396778,1.303034966
8/9/2012,0.000148538,1.303228517
8/10/2012,0.002052628,1.305903561
8/13/2012,-0.000703267,1.304985163
8/14/2012,-0.00163431,1.302852413
8/15/2012,-0.001193317,1.301297697
8/16/2012,0.003335302,1.305637918
8/17/2012,0.001656234,1.30780036
8/20/2012,-0.000148982,1.307605521
8/21/2012,-0.001212892,1.306019536
8/22/2012,0.002107939,1.308772546
8/23/2012,-0.00349578,1.304197365
8/24/2012,0.003003582,1.308114629
8/27/2012,0.00027883,1.30847937
8/28/2012,-8.62E-05,1.308366539
8/29/2012,0.000126307,1.308531795
8/30/2012,-0.000510195,1.307864189
8/31/2012,0.004503135,1.313753678
9/4/2012,-0.000764598,1.312749184
9/5/2012,-0.000469465,1.312132895
9/6/2012,0.004968916,1.318652772
9/7/2012,0.003059933,1.322687761
9/10/2012,-0.002331911,1.319603371
9/11/2012,0.000757276,1.320602675
9/12/2012,-0.000770856,1.319584681
9/13/2012,0.006856406,1.32863229
9/14/2012,0.002209191,1.331567491
9/17/2012,-0.000721294,1.33060704
9/18/2012,-0.001123828,1.329111666
9/19/2012,0.001671257,1.331332954
9/20/2012,-0.000607091,1.330524713
9/21/2012,0.000829247,1.331628046
9/24/2012,-0.001018554,1.330271711
9/25/2012,-0.003927115,1.325047581
9/26/2012,-0.003605765,1.320269771
9/27/2012,0.003661765,1.325104288
9/28/2012,-0.002077955,1.322350782
10/1/2012,0.001204397,1.323943417
10/2/2012,0.000867168,1.325091499
10/3/2012,0.001076574,1.326518057
10/4/2012,0.003206027,1.330770911
10/5/2012,-0.000449145,1.330173201
10/8/2012,-0.002082094,1.327403655
10/9/2012,-0.005500733,1.320101962
10/10/2012,-0.003601362,1.315347798
10/11/2012,0.000495333,1.315999333
10/12/2012,-0.001340482,1.31423526
10/15/2012,0.003765584,1.319184124
10/16/2012,0.003986252,1.324442724
10/17/2012,-0.001471812,1.322493394
10/18/2012,-0.001734409,1.32019965
10/19/2012,-0.007376011,1.310461843
10/22/2012,-0.000376211,1.309968833
10/23/2012,-0.005378825,1.30292274
10/24/2012,-0.002773087,1.299309622
10/25/2012,0.001205953,1.300876528
10/26/2012,0.000109484,1.301018954
10/31/2012,0.000845481,1.302118941
11/1/2012,0.004174959,1.307555234
11/2/2012,-0.000844535,1.306450957
11/5/2012,0.001885776,1.308914632
11/6/2012,0.004284763,1.31452302
11/7/2012,-0.00804579,1.303946644
11/8/2012,-0.004229963,1.298430998
11/9/2012,0.000665588,1.299295219
11/12/2012,-3.25E-05,1.299252992
11/13/2012,-0.001619552,1.297148784
11/14/2012,-0.005385093,1.290163517
11/15/2012,-0.001415473,1.288337325
11/16/2012,0.003548186,1.292908585
11/19/2012,0.012982788,1.309694143
11/20/2012,-0.001162458,1.308171679
11/21/2012,0.000424361,1.308726816
11/23/2012,0.007479011,1.318514798
11/26/2012,-0.000367467,1.318030286
11/27/2012,-0.001763446,1.315706011
11/28/2012,0.004822514,1.322051022
11/29/2012,0.002581943,1.325464482
11/30/2012,-7.44E-05,1.325365897
12/3/2012,-0.002330237,1.32227748
12/4/2012,-0.000452585,1.321679038
12/5/2012,0.001237067,1.323314043
12/6/2012,0.001913574,1.325846303
12/7/2012,0.00124334,1.327494781
12/10/2012,0.00029894,1.327891622
12/11/2012,0.002934009,1.331787667
12/12/2012,-0.000724538,1.330822737
12/13/2012,-0.004624009,1.324669001
12/14/2012,0.001028523,1.326031454
12/17/2012,0.00719818,1.335576467
12/18/2012,0.003630519,1.340425302
12/19/2012,-0.006216057,1.332093142
12/20/2012,0.0017088,1.334369423
12/21/2012,-0.003862095,1.329215961
12/24/2012,-0.000372801,1.328720427
12/26/2012,-0.002357412,1.325588086
12/27/2012,-0.000201914,1.325320431
12/28/2012,-0.006165436,1.317149253
12/31/2012,0.009686889,1.329908331
1/2/2013,0.012825467,1.346965026
1/3/2013,-0.002258032,1.343923536
1/4/2013,0.00264153,1.34747355
1/7/2013,-0.002616914,1.343947327
1/8/2013,-0.001469933,1.341971815
1/9/2013,0.001648202,1.344183656
1/10/2013,0.003168973,1.348443337
1/11/2013,0.000340823,1.348902917
1/14/2013,0.000430738,1.349483941
1/15/2013,0.000620019,1.350320647
1/16/2013,0.000343526,1.350784517
1/17/2013,0.001036611,1.352184755
1/18/2013,0.002543309,1.355623778
1/22/2013,0.002024811,1.35836866
1/23/2013,0.001227471,1.360036017
1/24/2013,-0.000993988,1.358684158
1/25/2013,0.002022433,1.361432006
1/28/2013,-0.001562455,1.35930483
1/29/2013,0.003237146,1.363705097
1/30/2013,-0.002227744,1.360667111
1/31/2013,-0.00048316,1.360009691
2/1/2013,0.003409329,1.364646412
2/4/2013,-0.002853966,1.360751757
2/5/2013,0.004128637,1.366369807
2/6/2013,0.001278301,1.368116439
2/7/2013,-0.000312065,1.367689498
2/8/2013,0.003769394,1.372844858
2/11/2013,-0.000890594,1.37162221
2/12/2013,0.000762644,1.37266827
2/13/2013,-0.000574128,1.371880182
2/14/2013,0.001457034,1.373879058
2/15/2013,-0.000534566,1.373144629
2/19/2013,0.006357431,1.381874301
2/20/2013,-0.002443786,1.378497295
2/21/2013,-0.001749187,1.376086046
2/22/2013,0.00684805,1.385509552
2/25/2013,-0.002853593,1.381555872
2/26/2013,0.001194818,1.38320658
2/27/2013,0.002153052,1.386184696
2/28/2013,0.000282023,1.386575633
3/1/2013,0.000768195,1.387640793
3/4/2013,0.002267944,1.390787884
3/5/2013,0.006568617,1.399923437
3/6/2013,-0.000722073,1.398912591
3/7/2013,-0.000792966,1.3978033
3/8/2013,0.000697594,1.398778399
3/11/2013,0.00164082,1.401073544
3/12/2013,0.000619936,1.401942119
3/13/2013,0.000404351,1.402508995
3/14/2013,0.002734119,1.406343623
3/15/2013,-0.000842489,1.405158794
3/18/2013,-0.002647478,1.401438668
3/19/2013,-0.000494283,1.400745961
3/20/2013,0.000714912,1.401747371
3/21/2013,-0.00149253,1.399655221
3/22/2013,0.007664708,1.41038317
3/25/2013,-0.001532373,1.408221937
3/26/2013,0.005856828,1.416469651
3/27/2013,0.001265129,1.418261667
3/28/2013,0.001822708,1.420846744
4/1/2013,-0.003034008,1.416535883
4/2/2013,0.002328251,1.419833935
4/3/2013,-0.00515125,1.412520015
4/4/2013,0.003301588,1.417183574
4/5/2013,-0.000722315,1.41615992
4/8/2013,0.002325912,1.419453784
4/9/2013,0.002305759,1.422726702
4/10/2013,-0.000678158,1.421761869
4/11/2013,0.001577911,1.424005282
4/12/2013,0.001846908,1.426635289
4/15/2013,-0.01144428,1.410308476
4/16/2013,0.009190608,1.423270068
4/17/2013,-0.005743638,1.41509532
4/18/2013,-0.004346965,1.408943951
4/19/2013,0.004999131,1.415987446
4/22/2013,0.003786689,1.42134935
4/23/2013,0.004591137,1.427874959
4/24/2013,-9.94E-05,1.427732999
4/25/2013,0.001317609,1.429614192
4/26/2013,-0.000125207,1.429435194
4/29/2013,0.003239653,1.434066067
4/30/2013,0.001035632,1.435551232
5/1/2013,-0.005531888,1.427609924
5/2/2013,0.005555721,1.435541327
5/3/2013,0.003499003,1.44056429
5/6/2013,0.000781661,1.441690322
5/7/2013,0.001712379,1.444159043
5/8/2013,0.002284959,1.447458887
5/9/2013,-0.00248192,1.443866409
5/10/2013,-0.000546599,1.443077193
5/13/2013,-0.000345342,1.442578838
5/14/2013,0.002606617,1.446339088
5/15/2013,0.004639593,1.453049512
5/16/2013,-0.001115286,1.451428947
5/17/2013,0.003742358,1.456860713
5/20/2013,-0.00078762,1.45571326
5/21/2013,0.001487189,1.45787818
5/22/2013,-0.006594499,1.448264205
5/23/2013,-0.001505548,1.446083773
5/24/2013,-0.000346612,1.445582543
5/28/2013,-0.000691149,1.44458343
5/29/2013,-0.002437898,1.441061682
5/30/2013,0.001334249,1.442984417
5/31/2013,-0.008717585,1.430405077
6/3/2013,0.003086776,1.434820417
6/4/2013,-0.004539298,1.42830734
6/5/2013,-0.006522564,1.418991113
6/6/2013,0.004856321,1.425882189
6/7/2013,0.003300839,1.430588797
6/10/2013,-0.001225964,1.428834946
6/11/2013,-0.005286245,1.421281774
6/12/2013,-0.006122471,1.412580017
6/13/2013,0.009236495,1.425627305
6/14/2013,-0.003656965,1.420413836
6/17/2013,0.003297643,1.425097854
6/18/2013,0.004437093,1.431421145
6/19/2013,-0.009222479,1.418219895
6/20/2013,-0.018068273,1.39259511
6/21/2013,-0.002062232,1.389723255
6/24/2013,-0.010348978,1.37534104
6/25/2013,0.004717017,1.381828547
6/26/2013,0.005939484,1.390035896
6/27/2013,0.004873467,1.39681019
6/28/2013,-0.00196174,1.394070011
7/1/2013,0.004014917,1.399667086
7/2/2013,-0.0004263,1.399070408
7/3/2013,-0.000582227,1.398255831
7/5/2013,0.000729848,1.399276345
7/8/2013,0.00524169,1.406610917
7/9/2013,0.004658467,1.413163568
7/10/2013,-0.001616339,1.410879417
7/11/2013,0.010033349,1.425035262
7/12/2013,0.000495196,1.425740935
7/15/2013,0.001958743,1.428533594
7/16/2013,-0.000961826,1.427159594
7/17/2013,0.002260604,1.430385838
7/18/2013,0.002338137,1.433730275
7/19/2013,0.002046844,1.436664897
7/22/2013,0.001773293,1.439212525
7/23/2013,-0.001042433,1.437712243
7/24/2013,-0.003709152,1.432379549
7/25/2013,0.001645809,1.434736973
7/26/2013,0.000329129,1.435209186
7/29/2013,-0.00143403,1.433151053
7/30/2013,0.000361695,1.433669416
7/31/2013,9.83E-05,1.433810334
8/1/2013,0.000228336,1.434137724
8/2/2013,0.002381325,1.437552873
8/5/2013,-0.000576721,1.436723806
8/6/2013,-0.004284664,1.430567927
8/7/2013,-0.001765434,1.428042353
8/8/2013,0.002488997,1.431596746
8/9/2013,-0.001015693,1.430142683
8/12/2013,-0.000790818,1.429011701
8/13/2013,0.000165266,1.429247869
8/14/2013,-0.003765756,1.423865669
8/15/2013,-0.009703717,1.41004888
8/16/2013,-0.003135157,1.405628155
8/19/2013,-0.004877316,1.398772462
8/20/2013,0.003376889,1.403495962
8/21/2013,-0.005208091,1.396186427
8/22/2013,0.005654048,1.404080531
8/23/2013,0.003477888,1.408963765
8/26/2013,-0.001090137,1.407427802
8/27/2013,-0.003582519,1.402385665
8/28/2013,0.000799512,1.403506889
8/29/2013,0.001990624,1.406300744
8/30/2013,-0.002156683,1.403267799
9/3/2013,0.001604375,1.405519167
9/4/2013,0.004717884,1.412150243
9/5/2013,-0.001111018,1.410581319
9/6/2013,0.001035403,1.412041839
9/9/2013,0.006097557,1.420651845
9/10/2013,0.005038689,1.427810068
9/11/2013,0.003335917,1.432573124
9/12/2013,-0.001941825,1.429791317
9/13/2013,0.001968312,1.432605593
9/16/2013,0.004523449,1.439085912
9/17/2013,0.002552251,1.442758821
9/18/2013,0.010610852,1.458067722
9/19/2013,-0.0013301,1.456128346
9/20/2013,-0.004414812,1.449699813
9/23/2013,-0.001905217,1.446937821
9/24/2013,-0.000668377,1.445970721
9/25/2013,-0.001821967,1.443336211
9/26/2013,0.00196061,1.44616603
9/27/2013,-0.001694486,1.443715522
9/30/2013,-0.003278365,1.438982496
10/1/2013,0.002563883,1.442671878
10/2/2013,0.000212299,1.442978156
10/3/2013,-0.007816255,1.43169947
10/4/2013,0.002263409,1.434939991
10/7/2013,-0.006783663,1.425205842
10/8/2013,-0.007314135,1.414781693
10/9/2013,0.000382442,1.415322765
10/10/2013,0.015877928,1.437795158
10/11/2013,0.00420445,1.443840295
10/14/2013,0.000240223,1.444187139
10/15/2013,-0.002421051,1.440690688
10/16/2013,0.008247797,1.452573213
10/17/2013,0.00440009,1.458964666
10/18/2013,0.005199674,1.466550807
10/21/2013,-0.000604705,1.465663976
10/22/2013,0.004770915,1.472656534
10/23/2013,-0.002315157,1.469247103
10/24/2013,0.001560971,1.471540555
10/25/2013,0.00186916,1.4742911
10/28/2013,0.000411214,1.474897349
10/29/2013,0.003057159,1.479406345
10/30/2013,-0.003770272,1.473828581
10/31/2013,-0.001994682,1.470888761
11/1/2013,0.00221154,1.47414169
11/4/2013,0.002138491,1.47729413
11/5/2013,-0.002834858,1.473106211
11/6/2013,0.002219678,1.476376032
11/7/2013,-0.005696612,1.467965691
11/8/2013,0.010399189,1.483231343
11/11/2013,5.31E-05,1.483310075
11/12/2013,-0.000892122,1.481986781
11/13/2013,0.005036087,1.489450195
11/14/2013,0.004516967,1.496177993
11/15/2013,0.003048904,1.500739697
11/18/2013,-0.00094272,1.49932492
11/19/2013,-0.002310598,1.495860583
11/20/2013,-0.003020116,1.49134291
11/21/2013,0.00313916,1.496024474
11/22/2013,0.002963969,1.500458643
11/25/2013,-0.000425651,1.499819972
11/26/2013,0.00020862,1.500132864
11/27/2013,0.001619728,1.502562671
11/29/2013,-0.00032005,1.502081775
12/2/2013,-0.003347039,1.497054249
12/3/2013,-0.001595321,1.494665966
12/4/2013,-0.002021515,1.491644476
12/5/2013,-0.003782236,1.486002724
12/6/2013,0.005085932,1.493560433
12/9/2013,0.001447814,1.49572283
12/10/2013,-0.001802483,1.493026814
12/11/2013,-0.0037608,1.487411839
12/12/2013,-0.002407047,1.483831568
12/13/2013,6.61E-05,1.483929611
12/16/2013,0.003894948,1.48970944
12/17/2013,-0.001163831,1.487975669
12/18/2013,0.009188605,1.501648089
12/19/2013,-0.001008235,1.500134075
12/20/2013,0.003956343,1.50606912
12/23/2013,0.002330983,1.509579742
12/24/2013,0.000845805,1.510856552
12/26/2013,0.003074684,1.515501958
12/27/2013,0.000261229,1.515897851
12/30/2013,0.000610802,1.516823764
12/31/2013,0.001667068,1.519352413
1/2/2014,-0.002251897,1.515930987
1/3/2014,-0.000169342,1.515674277
1/6/2014,-0.001275183,1.513741515
1/7/2014,0.003889757,1.519629602
1/8/2014,-0.002532282,1.515781471
1/9/2014,0.000992338,1.517285638
1/10/2014,0.003644083,1.522814752
1/13/2014,-0.005630531,1.514240496
1/14/2014,0.003054744,1.518866114
1/15/2014,0.001745075,1.521516649
1/16/2014,0.000941139,1.522948608
1/17/2014,-0.002988522,1.518397243
1/21/2014,0.001661648,1.520920284
1/22/2014,-0.001888513,1.518048006
1/23/2014,-0.004170886,1.511716402
1/24/2014,-0.004598516,1.50476475
1/27/2014,-0.002406964,1.501142836
1/28/2014,0.004764269,1.508294684
1/29/2014,-0.002821386,1.504039203
1/30/2014,0.005357019,1.51209637
1/31/2014,-0.001758394,1.509437509
2/3/2014,-0.015116079,1.486620732
2/4/2014,0.004851214,1.493832647
2/5/2014,-0.002101223,1.490693772
2/6/2014,0.007032596,1.501177219
2/7/2014,0.006824167,1.511421504
2/10/2014,0.001389996,1.513522374
2/11/2014,0.004815852,1.520811273
2/12/2014,-0.001303871,1.518828331
2/13/2014,0.004462089,1.525605478
2/14/2014,0.002231193,1.529009398
2/18/2014,0.000876406,1.530349431
2/19/2014,-0.005056311,1.522611509
2/20/2014,0.002392416,1.526254229
